occupancy_date,category_id,zone_id,yield_class_agg,yhat,error
2018-06-26T00:00:00.000Z,PEL,R320-Z001,0,-5.121037074497768,18.962244491271118
2018-06-26T00:00:00.000Z,PEL,R320-Z001,1,-0.051082066127232206,2.2416305304957227
2018-06-26T00:00:00.000Z,PEL,R320-Z001,2,0.0,0.4948937176849385
2018-06-27T00:00:00.000Z,PEL,R320-Z001,0,-0.2633321823612329,18.962244491271118
2018-06-27T00:00:00.000Z,PEL,R320-Z001,1,1.2202470840946322,2.2416305304957227
2018-06-27T00:00:00.000Z,PEL,R320-Z001,2,0.0,0.4948937176849385
2018-06-28T00:00:00.000Z,PEL,R320-Z001,0,2.655462507768113,18.962244491271118
2018-06-28T00:00:00.000Z,PEL,R320-Z001,1,0.6516892866654829,2.2416305304957227
2018-06-28T00:00:00.000Z,PEL,R320-Z001,2,0.0,0.4948937176849385
2018-06-29T00:00:00.000Z,PEL,R320-Z001,0,3.9329926967620827,18.962244491271118
2018-06-29T00:00:00.000Z,PEL,R320-Z001,1,0.3955328464508056,2.2416305304957227
2018-06-29T00:00:00.000Z,PEL,R320-Z001,2,0.0,0.4948937176849385
2018-06-30T00:00:00.000Z,PEL,R320-Z001,0,6.030123349782583,18.962244491271118
2018-06-30T00:00:00.000Z,PEL,R320-Z001,1,-0.14113580858385233,2.2416305304957227
2018-06-30T00:00:00.000Z,PEL,R320-Z001,2,0.0,0.4948937176849385
2018-07-01T00:00:00.000Z,PEL,R320-Z001,0,6.032220788904139,18.962244491271118
2018-07-01T00:00:00.000Z,PEL,R320-Z001,1,-0.1410159549197635,2.2416305304957227
2018-07-01T00:00:00.000Z,PEL,R320-Z001,2,0.0,0.4948937176849385
2018-07-02T00:00:00.000Z,PEL,R320-Z001,0,7.803058471679688,18.962244491271118
2018-07-02T00:00:00.000Z,PEL,R320-Z001,1,-1.4519079589843749,2.2416305304957227
2018-07-02T00:00:00.000Z,PEL,R320-Z001,2,0.0,0.4948937176849385
2018-07-03T00:00:00.000Z,PEL,R320-Z001,0,14.015993277231852,18.962244491271118
2018-07-03T00:00:00.000Z,PEL,R320-Z001,1,0.039848168690999275,2.2416305304957227
2018-07-03T00:00:00.000Z,PEL,R320-Z001,2,0.0,0.4948937176849385
2018-07-04T00:00:00.000Z,PEL,R320-Z001,0,15.280184609549387,18.962244491271118
2018-07-04T00:00:00.000Z,PEL,R320-Z001,1,0.7936221531459261,2.2416305304957227
2018-07-04T00:00:00.000Z,PEL,R320-Z001,2,0.0,0.4948937176849385
2018-07-05T00:00:00.000Z,PEL,R320-Z001,0,16.71452760696411,18.962244491271118
2018-07-05T00:00:00.000Z,PEL,R320-Z001,1,0.15586614608764626,2.2416305304957227
2018-07-05T00:00:00.000Z,PEL,R320-Z001,2,0.0,0.4948937176849385
2018-07-06T00:00:00.000Z,PEL,R320-Z001,0,13.287855529785157,18.962244491271118
2018-07-06T00:00:00.000Z,PEL,R320-Z001,1,-0.550867462158203,2.2416305304957227
2018-07-06T00:00:00.000Z,PEL,R320-Z001,2,0.0,0.4948937176849385
2018-07-07T00:00:00.000Z,PEL,R320-Z001,0,9.593270492553712,18.962244491271118
2018-07-07T00:00:00.000Z,PEL,R320-Z001,1,0.26431922912597666,2.2416305304957227
2018-07-07T00:00:00.000Z,PEL,R320-Z001,2,0.0,0.4948937176849385
2018-07-08T00:00:00.000Z,PEL,R320-Z001,0,9.005447387695312,18.962244491271118
2018-07-08T00:00:00.000Z,PEL,R320-Z001,1,0.2504539489746093,2.2416305304957227
2018-07-08T00:00:00.000Z,PEL,R320-Z001,2,0.0,0.4948937176849385
2018-07-09T00:00:00.000Z,PEL,R320-Z001,0,13.762890876607694,18.962244491271118
2018-07-09T00:00:00.000Z,PEL,R320-Z001,1,-0.06856829054812164,2.2416305304957227
2018-07-09T00:00:00.000Z,PEL,R320-Z001,2,0.0,0.4948937176849385
2018-07-10T00:00:00.000Z,PEL,R320-Z001,0,15.989921321039617,18.962244491271118
2018-07-10T00:00:00.000Z,PEL,R320-Z001,1,1.1895163162894868,2.2416305304957227
2018-07-10T00:00:00.000Z,PEL,R320-Z001,2,0.0,0.4948937176849385
2018-07-11T00:00:00.000Z,PEL,R320-Z001,0,15.765947603711897,18.962244491271118
2018-07-11T00:00:00.000Z,PEL,R320-Z001,1,1.4745595221425973,2.2416305304957227
2018-07-11T00:00:00.000Z,PEL,R320-Z001,2,0.0,0.4948937176849385
2018-07-12T00:00:00.000Z,PEL,R320-Z001,0,15.949834278651645,18.962244491271118
2018-07-12T00:00:00.000Z,PEL,R320-Z001,1,1.4157720293317522,2.2416305304957227
2018-07-12T00:00:00.000Z,PEL,R320-Z001,2,0.0,0.4948937176849385
2018-07-13T00:00:00.000Z,PEL,R320-Z001,0,17.634522138323103,18.962244491271118
2018-07-13T00:00:00.000Z,PEL,R320-Z001,1,0.43239528111049097,2.2416305304957227
2018-07-13T00:00:00.000Z,PEL,R320-Z001,2,0.0,0.4948937176849385
2018-07-14T00:00:00.000Z,PEL,R320-Z001,0,13.842127338532478,18.962244491271118
2018-07-14T00:00:00.000Z,PEL,R320-Z001,1,0.2994570578298261,2.2416305304957227
2018-07-14T00:00:00.000Z,PEL,R320-Z001,2,0.0,0.4948937176849385
2018-07-15T00:00:00.000Z,PEL,R320-Z001,0,13.042531721053585,18.962244491271118
2018-07-15T00:00:00.000Z,PEL,R320-Z001,1,0.24431253248645413,2.2416305304957227
2018-07-15T00:00:00.000Z,PEL,R320-Z001,2,0.0,0.4948937176849385
2018-07-16T00:00:00.000Z,PEL,R320-Z001,0,17.055824866661656,18.962244491271118
2018-07-16T00:00:00.000Z,PEL,R320-Z001,1,-1.8077932504507213,2.2416305304957227
2018-07-16T00:00:00.000Z,PEL,R320-Z001,2,0.0,0.4948937176849385
2018-07-17T00:00:00.000Z,PEL,R320-Z001,0,18.068665930565366,18.962244491271118
2018-07-17T00:00:00.000Z,PEL,R320-Z001,1,-0.25373024636126584,2.2416305304957227
2018-07-17T00:00:00.000Z,PEL,R320-Z001,2,0.0,0.4948937176849385
2018-07-18T00:00:00.000Z,PEL,R320-Z001,0,18.63768351705451,18.962244491271118
2018-07-18T00:00:00.000Z,PEL,R320-Z001,1,-0.9739128413953281,2.2416305304957227
2018-07-18T00:00:00.000Z,PEL,R320-Z001,2,0.0,0.4948937176849385
2018-07-19T00:00:00.000Z,PEL,R320-Z001,0,18.502438926696776,18.962244491271118
2018-07-19T00:00:00.000Z,PEL,R320-Z001,1,0.6113821029663086,2.2416305304957227
2018-07-19T00:00:00.000Z,PEL,R320-Z001,2,0.0,0.4948937176849385
2018-07-20T00:00:00.000Z,PEL,R320-Z001,0,16.136591627791123,18.962244491271118
2018-07-20T00:00:00.000Z,PEL,R320-Z001,1,0.864993378922746,2.2416305304957227
2018-07-20T00:00:00.000Z,PEL,R320-Z001,2,0.0,0.4948937176849385
2018-07-21T00:00:00.000Z,PEL,R320-Z001,0,15.66198801111292,18.962244491271118
2018-07-21T00:00:00.000Z,PEL,R320-Z001,1,-0.3206927688033493,2.2416305304957227
2018-07-21T00:00:00.000Z,PEL,R320-Z001,2,0.0,0.4948937176849385
2018-07-22T00:00:00.000Z,PEL,R320-Z001,0,18.594755808512367,18.962244491271118
2018-07-22T00:00:00.000Z,PEL,R320-Z001,1,-0.20789400736490893,2.2416305304957227
2018-07-22T00:00:00.000Z,PEL,R320-Z001,2,0.0,0.4948937176849385
2018-07-23T00:00:00.000Z,PEL,R320-Z001,0,21.900251914714943,18.962244491271118
2018-07-23T00:00:00.000Z,PEL,R320-Z001,1,0.7703890307196255,2.2416305304957227
2018-07-23T00:00:00.000Z,PEL,R320-Z001,2,0.0,0.4948937176849385
2018-07-24T00:00:00.000Z,PEL,R320-Z001,0,23.751470996487527,18.962244491271118
2018-07-24T00:00:00.000Z,PEL,R320-Z001,1,1.759086178195092,2.2416305304957227
2018-07-24T00:00:00.000Z,PEL,R320-Z001,2,0.0,0.4948937176849385
2018-07-25T00:00:00.000Z,PEL,R320-Z001,0,25.097647486506283,18.962244491271118
2018-07-25T00:00:00.000Z,PEL,R320-Z001,1,1.3027336017505542,2.2416305304957227
2018-07-25T00:00:00.000Z,PEL,R320-Z001,2,0.0,0.4948937176849385
2018-07-26T00:00:00.000Z,PEL,R320-Z001,0,25.161505350252476,18.962244491271118
2018-07-26T00:00:00.000Z,PEL,R320-Z001,1,2.6335424097572884,2.2416305304957227
2018-07-26T00:00:00.000Z,PEL,R320-Z001,2,0.0,0.4948937176849385
2018-07-27T00:00:00.000Z,PEL,R320-Z001,0,26.452542969674777,18.962244491271118
2018-07-27T00:00:00.000Z,PEL,R320-Z001,1,0.7711318044951467,2.2416305304957227
2018-07-27T00:00:00.000Z,PEL,R320-Z001,2,0.0,0.4948937176849385
2018-07-28T00:00:00.000Z,PEL,R320-Z001,0,24.7903387705485,18.962244491271118
2018-07-28T00:00:00.000Z,PEL,R320-Z001,1,0.889322026570638,2.2416305304957227
2018-07-28T00:00:00.000Z,PEL,R320-Z001,2,0.0,0.4948937176849385
2018-07-29T00:00:00.000Z,PEL,R320-Z001,0,23.96782112121582,18.962244491271118
2018-07-29T00:00:00.000Z,PEL,R320-Z001,1,0.9247341156005859,2.2416305304957227
2018-07-29T00:00:00.000Z,PEL,R320-Z001,2,0.0,0.4948937176849385
2018-07-30T00:00:00.000Z,PEL,R320-Z001,0,22.50702378556535,18.962244491271118
2018-07-30T00:00:00.000Z,PEL,R320-Z001,1,2.074149157549884,2.2416305304957227
2018-07-30T00:00:00.000Z,PEL,R320-Z001,2,0.0,0.4948937176849385
2018-07-31T00:00:00.000Z,PEL,R320-Z001,0,24.955998270135176,18.962244491271118
2018-07-31T00:00:00.000Z,PEL,R320-Z001,1,3.9327270106265417,2.2416305304957227
2018-07-31T00:00:00.000Z,PEL,R320-Z001,2,0.0,0.4948937176849385
2018-08-01T00:00:00.000Z,PEL,R320-Z001,0,25.43855687734243,18.962244491271118
2018-08-01T00:00:00.000Z,PEL,R320-Z001,1,3.204673560889992,2.2416305304957227
2018-08-01T00:00:00.000Z,PEL,R320-Z001,2,0.0,0.4948937176849385
2018-08-02T00:00:00.000Z,PEL,R320-Z001,0,25.66955857527883,18.962244491271118
2018-08-02T00:00:00.000Z,PEL,R320-Z001,1,3.137595126503392,2.2416305304957227
2018-08-02T00:00:00.000Z,PEL,R320-Z001,2,0.0,0.4948937176849385
2018-08-03T00:00:00.000Z,PEL,R320-Z001,0,26.11997875090568,18.962244491271118
2018-08-03T00:00:00.000Z,PEL,R320-Z001,1,1.8703433621314263,2.2416305304957227
2018-08-03T00:00:00.000Z,PEL,R320-Z001,2,0.0,0.4948937176849385
2018-08-04T00:00:00.000Z,PEL,R320-Z001,0,20.96203925392844,18.962244491271118
2018-08-04T00:00:00.000Z,PEL,R320-Z001,1,1.0458113930442117,2.2416305304957227
2018-08-04T00:00:00.000Z,PEL,R320-Z001,2,0.0,0.4948937176849385
2018-08-05T00:00:00.000Z,PEL,R320-Z001,0,20.247499292547054,18.962244491271118
2018-08-05T00:00:00.000Z,PEL,R320-Z001,1,1.0117856805974788,2.2416305304957227
2018-08-05T00:00:00.000Z,PEL,R320-Z001,2,0.0,0.4948937176849385
2018-08-06T00:00:00.000Z,PEL,R320-Z001,0,21.255623474121094,18.962244491271118
2018-08-06T00:00:00.000Z,PEL,R320-Z001,1,1.9352716064453126,2.2416305304957227
2018-08-06T00:00:00.000Z,PEL,R320-Z001,2,0.0,0.4948937176849385
2018-08-07T00:00:00.000Z,PEL,R320-Z001,0,25.071347656249998,18.962244491271118
2018-08-07T00:00:00.000Z,PEL,R320-Z001,1,1.08630615234375,2.2416305304957227
2018-08-07T00:00:00.000Z,PEL,R320-Z001,2,0.0,0.4948937176849385
2018-08-08T00:00:00.000Z,PEL,R320-Z001,0,25.18194594206633,18.962244491271118
2018-08-08T00:00:00.000Z,PEL,R320-Z001,1,1.006997920848705,2.2416305304957227
2018-08-08T00:00:00.000Z,PEL,R320-Z001,2,0.0,0.4948937176849385
2018-08-09T00:00:00.000Z,PEL,R320-Z001,0,23.66297149658203,18.962244491271118
2018-08-09T00:00:00.000Z,PEL,R320-Z001,1,1.9730377197265625,2.2416305304957227
2018-08-09T00:00:00.000Z,PEL,R320-Z001,2,0.0,0.4948937176849385
2018-08-10T00:00:00.000Z,PEL,R320-Z001,0,24.33156156539917,18.962244491271118
2018-08-10T00:00:00.000Z,PEL,R320-Z001,1,1.101372241973877,2.2416305304957227
2018-08-10T00:00:00.000Z,PEL,R320-Z001,2,0.0,0.4948937176849385
2018-08-11T00:00:00.000Z,PEL,R320-Z001,0,20.448001861572266,18.962244491271118
2018-08-11T00:00:00.000Z,PEL,R320-Z001,1,0.0,2.2416305304957227
2018-08-11T00:00:00.000Z,PEL,R320-Z001,2,0.0,0.4948937176849385
2018-08-12T00:00:00.000Z,PEL,R320-Z001,0,19.370424270629883,18.962244491271118
2018-08-12T00:00:00.000Z,PEL,R320-Z001,1,0.0,2.2416305304957227
2018-08-12T00:00:00.000Z,PEL,R320-Z001,2,0.0,0.4948937176849385
2018-08-13T00:00:00.000Z,PEL,R320-Z001,0,25.655345916748047,18.962244491271118
2018-08-13T00:00:00.000Z,PEL,R320-Z001,1,0.0,2.2416305304957227
2018-08-13T00:00:00.000Z,PEL,R320-Z001,2,0.0,0.4948937176849385
2018-08-14T00:00:00.000Z,PEL,R320-Z001,0,23.73773077259893,18.962244491271118
2018-08-14T00:00:00.000Z,PEL,R320-Z001,1,1.1244423078454058,2.2416305304957227
2018-08-14T00:00:00.000Z,PEL,R320-Z001,2,0.0,0.4948937176849385
2018-08-15T00:00:00.000Z,PEL,R320-Z001,0,19.691139914772727,18.962244491271118
2018-08-15T00:00:00.000Z,PEL,R320-Z001,1,3.694846413352273,2.2416305304957227
2018-08-15T00:00:00.000Z,PEL,R320-Z001,2,0.0,0.4948937176849385
2018-08-16T00:00:00.000Z,PEL,R320-Z001,0,22.208059038434712,18.962244491271118
2018-08-16T00:00:00.000Z,PEL,R320-Z001,1,3.868009839739118,2.2416305304957227
2018-08-16T00:00:00.000Z,PEL,R320-Z001,2,0.0,0.4948937176849385
2018-08-17T00:00:00.000Z,PEL,R320-Z001,0,22.07983261346817,18.962244491271118
2018-08-17T00:00:00.000Z,PEL,R320-Z001,1,2.3875688910484314,2.2416305304957227
2018-08-17T00:00:00.000Z,PEL,R320-Z001,2,0.0,0.4948937176849385
2018-08-18T00:00:00.000Z,PEL,R320-Z001,0,18.839610629611542,18.962244491271118
2018-08-18T00:00:00.000Z,PEL,R320-Z001,1,0.7630619472927517,2.2416305304957227
2018-08-18T00:00:00.000Z,PEL,R320-Z001,2,0.0,0.4948937176849385
2018-08-19T00:00:00.000Z,PEL,R320-Z001,0,18.605550399193397,18.962244491271118
2018-08-19T00:00:00.000Z,PEL,R320-Z001,1,0.7842220159677359,2.2416305304957227
2018-08-19T00:00:00.000Z,PEL,R320-Z001,2,0.0,0.4948937176849385
2018-08-20T00:00:00.000Z,PEL,R320-Z001,0,24.711165945870537,18.962244491271118
2018-08-20T00:00:00.000Z,PEL,R320-Z001,1,0.7562107631138393,2.2416305304957227
2018-08-20T00:00:00.000Z,PEL,R320-Z001,2,0.0,0.4948937176849385
2018-08-21T00:00:00.000Z,PEL,R320-Z001,0,23.13500193003062,18.962244491271118
2018-08-21T00:00:00.000Z,PEL,R320-Z001,1,1.379142967430321,2.2416305304957227
2018-08-21T00:00:00.000Z,PEL,R320-Z001,2,0.0,0.4948937176849385
2018-08-22T00:00:00.000Z,PEL,R320-Z001,0,23.346297639789,18.962244491271118
2018-08-22T00:00:00.000Z,PEL,R320-Z001,1,1.5707288799863874,2.2416305304957227
2018-08-22T00:00:00.000Z,PEL,R320-Z001,2,0.0,0.4948937176849385
2018-08-23T00:00:00.000Z,PEL,R320-Z001,0,21.97943844514735,18.962244491271118
2018-08-23T00:00:00.000Z,PEL,R320-Z001,1,3.063925126019646,2.2416305304957227
2018-08-23T00:00:00.000Z,PEL,R320-Z001,2,0.0,0.4948937176849385
2018-08-24T00:00:00.000Z,PEL,R320-Z001,0,18.920401573181156,18.962244491271118
2018-08-24T00:00:00.000Z,PEL,R320-Z001,1,2.2133779525756836,2.2416305304957227
2018-08-24T00:00:00.000Z,PEL,R320-Z001,2,0.0,0.4948937176849385
2018-08-25T00:00:00.000Z,PEL,R320-Z001,0,15.695710976918539,18.962244491271118
2018-08-25T00:00:00.000Z,PEL,R320-Z001,1,1.5177919069925943,2.2416305304957227
2018-08-25T00:00:00.000Z,PEL,R320-Z001,2,0.0,0.4948937176849385
2018-08-26T00:00:00.000Z,PEL,R320-Z001,0,15.131989161173502,18.962244491271118
2018-08-26T00:00:00.000Z,PEL,R320-Z001,1,1.466544469197591,2.2416305304957227
2018-08-26T00:00:00.000Z,PEL,R320-Z001,2,0.0,0.4948937176849385
2018-08-27T00:00:00.000Z,PEL,R320-Z001,0,20.943038940429688,18.962244491271118
2018-08-27T00:00:00.000Z,PEL,R320-Z001,1,1.8285865783691406,2.2416305304957227
2018-08-27T00:00:00.000Z,PEL,R320-Z001,2,0.0,0.4948937176849385
2018-08-28T00:00:00.000Z,PEL,R320-Z001,0,21.841731452941893,18.962244491271118
2018-08-28T00:00:00.000Z,PEL,R320-Z001,1,2.5379701614379884,2.2416305304957227
2018-08-28T00:00:00.000Z,PEL,R320-Z001,2,0.0,0.4948937176849385
2018-08-29T00:00:00.000Z,PEL,R320-Z001,0,22.835018975394114,18.962244491271118
2018-08-29T00:00:00.000Z,PEL,R320-Z001,1,3.075486319405692,2.2416305304957227
2018-08-29T00:00:00.000Z,PEL,R320-Z001,2,0.0,0.4948937176849385
2018-08-30T00:00:00.000Z,PEL,R320-Z001,0,24.73437590348093,18.962244491271118
2018-08-30T00:00:00.000Z,PEL,R320-Z001,1,2.270680226777729,2.2416305304957227
2018-08-30T00:00:00.000Z,PEL,R320-Z001,2,0.7568934089259097,0.4948937176849385
2018-08-31T00:00:00.000Z,PEL,R320-Z001,0,22.075756134525424,18.962244491271118
2018-08-31T00:00:00.000Z,PEL,R320-Z001,1,2.563972903836158,2.2416305304957227
2018-08-31T00:00:00.000Z,PEL,R320-Z001,2,0.8546576346120527,0.4948937176849385
2018-09-01T00:00:00.000Z,PEL,R320-Z001,0,18.932135105133057,18.962244491271118
2018-09-01T00:00:00.000Z,PEL,R320-Z001,1,2.8474478721618652,2.2416305304957227
2018-09-01T00:00:00.000Z,PEL,R320-Z001,2,0.0,0.4948937176849385
2018-09-02T00:00:00.000Z,PEL,R320-Z001,0,18.418810968813688,18.962244491271118
2018-09-02T00:00:00.000Z,PEL,R320-Z001,1,2.9128216453220532,2.2416305304957227
2018-09-02T00:00:00.000Z,PEL,R320-Z001,2,0.0,0.4948937176849385
2018-09-03T00:00:00.000Z,PEL,R320-Z001,0,21.801518778647146,18.962244491271118
2018-09-03T00:00:00.000Z,PEL,R320-Z001,1,3.3780027820217993,2.2416305304957227
2018-09-03T00:00:00.000Z,PEL,R320-Z001,2,0.0,0.4948937176849385
2018-09-04T00:00:00.000Z,PEL,R320-Z001,0,25.951018960135322,18.962244491271118
2018-09-04T00:00:00.000Z,PEL,R320-Z001,1,3.4775508335658483,2.2416305304957227
2018-09-04T00:00:00.000Z,PEL,R320-Z001,2,0.0,0.4948937176849385
2018-09-05T00:00:00.000Z,PEL,R320-Z001,0,26.416591262817384,18.962244491271118
2018-09-05T00:00:00.000Z,PEL,R320-Z001,1,3.0462879180908207,2.2416305304957227
2018-09-05T00:00:00.000Z,PEL,R320-Z001,2,0.0,0.4948937176849385
2018-09-06T00:00:00.000Z,PEL,R320-Z001,0,26.161016363846628,18.962244491271118
2018-09-06T00:00:00.000Z,PEL,R320-Z001,1,3.195413689864309,2.2416305304957227
2018-09-06T00:00:00.000Z,PEL,R320-Z001,2,0.0,0.4948937176849385
2018-09-07T00:00:00.000Z,PEL,R320-Z001,0,23.44434833526611,18.962244491271118
2018-09-07T00:00:00.000Z,PEL,R320-Z001,1,2.716038703918457,2.2416305304957227
2018-09-07T00:00:00.000Z,PEL,R320-Z001,2,0.0,0.4948937176849385
2018-09-08T00:00:00.000Z,PEL,R320-Z001,0,18.8387568929921,18.962244491271118
2018-09-08T00:00:00.000Z,PEL,R320-Z001,1,0.9017616769541864,2.2416305304957227
2018-09-08T00:00:00.000Z,PEL,R320-Z001,2,0.0,0.4948937176849385
2018-09-09T00:00:00.000Z,PEL,R320-Z001,0,19.14914736540421,18.962244491271118
2018-09-09T00:00:00.000Z,PEL,R320-Z001,1,0.9158703347911005,2.2416305304957227
2018-09-09T00:00:00.000Z,PEL,R320-Z001,2,0.0,0.4948937176849385
2018-09-10T00:00:00.000Z,PEL,R320-Z001,0,21.875523885091148,18.962244491271118
2018-09-10T00:00:00.000Z,PEL,R320-Z001,1,2.859440485636393,2.2416305304957227
2018-09-10T00:00:00.000Z,PEL,R320-Z001,2,0.0,0.4948937176849385
2018-09-11T00:00:00.000Z,PEL,R320-Z001,0,26.235265493392944,18.962244491271118
2018-09-11T00:00:00.000Z,PEL,R320-Z001,1,3.16689133644104,2.2416305304957227
2018-09-11T00:00:00.000Z,PEL,R320-Z001,2,0.0,0.4948937176849385
2018-09-12T00:00:00.000Z,PEL,R320-Z001,0,25.84817344492132,18.962244491271118
2018-09-12T00:00:00.000Z,PEL,R320-Z001,1,3.4420735185796563,2.2416305304957227
2018-09-12T00:00:00.000Z,PEL,R320-Z001,2,0.0,0.4948937176849385
2018-09-13T00:00:00.000Z,PEL,R320-Z001,0,21.22261518902249,18.962244491271118
2018-09-13T00:00:00.000Z,PEL,R320-Z001,1,5.364079528384738,2.2416305304957227
2018-09-13T00:00:00.000Z,PEL,R320-Z001,2,0.0,0.4948937176849385
2018-09-14T00:00:00.000Z,PEL,R320-Z001,0,19.108583450317383,18.962244491271118
2018-09-14T00:00:00.000Z,PEL,R320-Z001,1,2.7735977172851562,2.2416305304957227
2018-09-14T00:00:00.000Z,PEL,R320-Z001,2,0.0,0.4948937176849385
2018-09-15T00:00:00.000Z,PEL,R320-Z001,0,16.642410104924984,18.962244491271118
2018-09-15T00:00:00.000Z,PEL,R320-Z001,1,0.8401147669011897,2.2416305304957227
2018-09-15T00:00:00.000Z,PEL,R320-Z001,2,0.0,0.4948937176849385
2018-09-16T00:00:00.000Z,PEL,R320-Z001,0,16.62628277865323,18.962244491271118
2018-09-16T00:00:00.000Z,PEL,R320-Z001,1,0.8393467989834872,2.2416305304957227
2018-09-16T00:00:00.000Z,PEL,R320-Z001,2,0.0,0.4948937176849385
2018-09-17T00:00:00.000Z,PEL,R320-Z001,0,23.875554229273938,18.962244491271118
2018-09-17T00:00:00.000Z,PEL,R320-Z001,1,1.6048744664047705,2.2416305304957227
2018-09-17T00:00:00.000Z,PEL,R320-Z001,2,0.0,0.4948937176849385
2018-09-18T00:00:00.000Z,PEL,R320-Z001,0,23.785480676695357,18.962244491271118
2018-09-18T00:00:00.000Z,PEL,R320-Z001,1,3.2612474574599153,2.2416305304957227
2018-09-18T00:00:00.000Z,PEL,R320-Z001,2,0.0,0.4948937176849385
2018-09-19T00:00:00.000Z,PEL,R320-Z001,0,21.355493638573623,18.962244491271118
2018-09-19T00:00:00.000Z,PEL,R320-Z001,1,4.742074408182283,2.2416305304957227
2018-09-19T00:00:00.000Z,PEL,R320-Z001,2,0.6774392011688977,0.4948937176849385
2018-09-20T00:00:00.000Z,PEL,R320-Z001,0,23.155853470166527,18.962244491271118
2018-09-20T00:00:00.000Z,PEL,R320-Z001,1,3.5350029468536377,2.2416305304957227
2018-09-20T00:00:00.000Z,PEL,R320-Z001,2,0.5891671578089396,0.4948937176849385
2018-09-21T00:00:00.000Z,PEL,R320-Z001,0,23.74820818219866,18.962244491271118
2018-09-21T00:00:00.000Z,PEL,R320-Z001,1,1.9037083217075892,2.2416305304957227
2018-09-21T00:00:00.000Z,PEL,R320-Z001,2,0.0,0.4948937176849385
2018-09-22T00:00:00.000Z,PEL,R320-Z001,0,17.76787514522158,18.962244491271118
2018-09-22T00:00:00.000Z,PEL,R320-Z001,1,2.1655240552178743,2.2416305304957227
2018-09-22T00:00:00.000Z,PEL,R320-Z001,2,0.0,0.4948937176849385
2018-09-23T00:00:00.000Z,PEL,R320-Z001,0,17.15819608248197,18.962244491271118
2018-09-23T00:00:00.000Z,PEL,R320-Z001,1,1.5131830068734977,2.2416305304957227
2018-09-23T00:00:00.000Z,PEL,R320-Z001,2,0.0,0.4948937176849385
2018-09-24T00:00:00.000Z,PEL,R320-Z001,0,22.872015335980585,18.962244491271118
2018-09-24T00:00:00.000Z,PEL,R320-Z001,1,2.3872015335980583,2.2416305304957227
2018-09-24T00:00:00.000Z,PEL,R320-Z001,2,0.7957338445326861,0.4948937176849385
2018-09-25T00:00:00.000Z,PEL,R320-Z001,0,23.19518540545208,18.962244491271118
2018-09-25T00:00:00.000Z,PEL,R320-Z001,1,2.6883539339391196,2.2416305304957227
2018-09-25T00:00:00.000Z,PEL,R320-Z001,2,0.6720884834847799,0.4948937176849385
2018-09-26T00:00:00.000Z,PEL,R320-Z001,0,24.864119658599027,18.962244491271118
2018-09-26T00:00:00.000Z,PEL,R320-Z001,1,2.2821282051705025,2.2416305304957227
2018-09-26T00:00:00.000Z,PEL,R320-Z001,2,0.0,0.4948937176849385
2018-09-27T00:00:00.000Z,PEL,R320-Z001,0,25.270602886493393,18.962244491271118
2018-09-27T00:00:00.000Z,PEL,R320-Z001,1,2.1892169072077827,2.2416305304957227
2018-09-27T00:00:00.000Z,PEL,R320-Z001,2,0.0,0.4948937176849385
2018-09-28T00:00:00.000Z,PEL,R320-Z001,0,21.164461086957882,18.962244491271118
2018-09-28T00:00:00.000Z,PEL,R320-Z001,1,3.2594795716114535,2.2416305304957227
2018-09-28T00:00:00.000Z,PEL,R320-Z001,2,0.0,0.4948937176849385
2018-09-29T00:00:00.000Z,PEL,R320-Z001,0,18.03083086013794,18.962244491271118
2018-09-29T00:00:00.000Z,PEL,R320-Z001,1,1.2687220573425293,2.2416305304957227
2018-09-29T00:00:00.000Z,PEL,R320-Z001,2,0.0,0.4948937176849385
2018-09-30T00:00:00.000Z,PEL,R320-Z001,0,17.53644890620791,18.962244491271118
2018-09-30T00:00:00.000Z,PEL,R320-Z001,1,1.3730702893487339,2.2416305304957227
2018-09-30T00:00:00.000Z,PEL,R320-Z001,2,0.0,0.4948937176849385
2018-10-01T00:00:00.000Z,PEL,R320-Z001,0,22.291789857964766,18.962244491271118
2018-10-01T00:00:00.000Z,PEL,R320-Z001,1,1.996439130682694,2.2416305304957227
2018-10-01T00:00:00.000Z,PEL,R320-Z001,2,0.0,0.4948937176849385
2018-10-02T00:00:00.000Z,PEL,R320-Z001,0,25.3002209330714,18.962244491271118
2018-10-02T00:00:00.000Z,PEL,R320-Z001,1,1.972516569980355,2.2416305304957227
2018-10-02T00:00:00.000Z,PEL,R320-Z001,2,0.0,0.4948937176849385
2018-10-03T00:00:00.000Z,PEL,R320-Z001,0,25.005971947494817,18.962244491271118
2018-10-03T00:00:00.000Z,PEL,R320-Z001,1,3.628740271743463,2.2416305304957227
2018-10-03T00:00:00.000Z,PEL,R320-Z001,2,0.0,0.4948937176849385
2018-10-04T00:00:00.000Z,PEL,R320-Z001,0,22.099330238674,18.962244491271118
2018-10-04T00:00:00.000Z,PEL,R320-Z001,1,5.618756004001783,2.2416305304957227
2018-10-04T00:00:00.000Z,PEL,R320-Z001,2,0.0,0.4948937176849385
2018-10-05T00:00:00.000Z,PEL,R320-Z001,0,19.544867897033694,18.962244491271118
2018-10-05T00:00:00.000Z,PEL,R320-Z001,1,4.3580022811889645,2.2416305304957227
2018-10-05T00:00:00.000Z,PEL,R320-Z001,2,0.0,0.4948937176849385
2018-10-06T00:00:00.000Z,PEL,R320-Z001,0,17.507551193237305,18.962244491271118
2018-10-06T00:00:00.000Z,PEL,R320-Z001,1,0.0,2.2416305304957227
2018-10-06T00:00:00.000Z,PEL,R320-Z001,2,0.0,0.4948937176849385
2018-10-07T00:00:00.000Z,PEL,R320-Z001,0,17.300020217895508,18.962244491271118
2018-10-07T00:00:00.000Z,PEL,R320-Z001,1,0.0,2.2416305304957227
2018-10-07T00:00:00.000Z,PEL,R320-Z001,2,0.0,0.4948937176849385
2018-10-08T00:00:00.000Z,PEL,R320-Z001,0,21.68173818588257,18.962244491271118
2018-10-08T00:00:00.000Z,PEL,R320-Z001,1,1.9201409339904787,2.2416305304957227
2018-10-08T00:00:00.000Z,PEL,R320-Z001,2,0.0,0.4948937176849385
2018-10-09T00:00:00.000Z,PEL,R320-Z001,0,24.535221597422723,18.962244491271118
2018-10-09T00:00:00.000Z,PEL,R320-Z001,1,2.527163961659307,2.2416305304957227
2018-10-09T00:00:00.000Z,PEL,R320-Z001,2,0.0,0.4948937176849385
2018-10-10T00:00:00.000Z,PEL,R320-Z001,0,25.45542777852809,18.962244491271118
2018-10-10T00:00:00.000Z,PEL,R320-Z001,1,1.8719609848996426,2.2416305304957227
2018-10-10T00:00:00.000Z,PEL,R320-Z001,2,0.0,0.4948937176849385
2018-10-11T00:00:00.000Z,PEL,R320-Z001,0,23.940167874706034,18.962244491271118
2018-10-11T00:00:00.000Z,PEL,R320-Z001,1,1.691750078785176,2.2416305304957227
2018-10-11T00:00:00.000Z,PEL,R320-Z001,2,0.0,0.4948937176849385
2018-10-12T00:00:00.000Z,PEL,R320-Z001,0,20.99122968534144,18.962244491271118
2018-10-12T00:00:00.000Z,PEL,R320-Z001,1,1.1790374197610995,2.2416305304957227
2018-10-12T00:00:00.000Z,PEL,R320-Z001,2,0.0,0.4948937176849385
2018-10-13T00:00:00.000Z,PEL,R320-Z001,0,16.262881696224213,18.962244491271118
2018-10-13T00:00:00.000Z,PEL,R320-Z001,1,0.5891252160072327,2.2416305304957227
2018-10-13T00:00:00.000Z,PEL,R320-Z001,2,0.0,0.4948937176849385
2018-10-14T00:00:00.000Z,PEL,R320-Z001,0,15.897122621536255,18.962244491271118
2018-10-14T00:00:00.000Z,PEL,R320-Z001,1,0.5773265361785889,2.2416305304957227
2018-10-14T00:00:00.000Z,PEL,R320-Z001,2,0.0,0.4948937176849385
2018-10-15T00:00:00.000Z,PEL,R320-Z001,0,23.849462890625,18.962244491271118
2018-10-15T00:00:00.000Z,PEL,R320-Z001,1,1.360498046875,2.2416305304957227
2018-10-15T00:00:00.000Z,PEL,R320-Z001,2,0.0,0.4948937176849385
2018-10-16T00:00:00.000Z,PEL,R320-Z001,0,23.905236783234972,18.962244491271118
2018-10-16T00:00:00.000Z,PEL,R320-Z001,1,2.4671654079271397,2.2416305304957227
2018-10-16T00:00:00.000Z,PEL,R320-Z001,2,0.0,0.4948937176849385
2018-10-17T00:00:00.000Z,PEL,R320-Z001,0,23.947868970724254,18.962244491271118
2018-10-17T00:00:00.000Z,PEL,R320-Z001,1,2.7604115926302395,2.2416305304957227
2018-10-17T00:00:00.000Z,PEL,R320-Z001,2,0.0,0.4948937176849385
2018-10-18T00:00:00.000Z,PEL,R320-Z001,0,24.615037814053622,18.962244491271118
2018-10-18T00:00:00.000Z,PEL,R320-Z001,1,2.087453946200284,2.2416305304957227
2018-10-18T00:00:00.000Z,PEL,R320-Z001,2,0.0,0.4948937176849385
2018-10-19T00:00:00.000Z,PEL,R320-Z001,0,23.57345481713613,18.962244491271118
2018-10-19T00:00:00.000Z,PEL,R320-Z001,1,0.5441160599390665,2.2416305304957227
2018-10-19T00:00:00.000Z,PEL,R320-Z001,2,0.0,0.4948937176849385
2018-10-20T00:00:00.000Z,PEL,R320-Z001,0,19.53519868850708,18.962244491271118
2018-10-20T00:00:00.000Z,PEL,R320-Z001,1,0.5521845817565918,2.2416305304957227
2018-10-20T00:00:00.000Z,PEL,R320-Z001,2,0.0,0.4948937176849385
2018-10-21T00:00:00.000Z,PEL,R320-Z001,0,19.690808010101318,18.962244491271118
2018-10-21T00:00:00.000Z,PEL,R320-Z001,1,0.5561745643615723,2.2416305304957227
2018-10-21T00:00:00.000Z,PEL,R320-Z001,2,0.0,0.4948937176849385
2018-10-22T00:00:00.000Z,PEL,R320-Z001,0,25.20181507534451,18.962244491271118
2018-10-22T00:00:00.000Z,PEL,R320-Z001,1,1.6001067691379123,2.2416305304957227
2018-10-22T00:00:00.000Z,PEL,R320-Z001,2,0.0,0.4948937176849385
2018-10-23T00:00:00.000Z,PEL,R320-Z001,0,24.727730409154354,18.962244491271118
2018-10-23T00:00:00.000Z,PEL,R320-Z001,1,2.1818555436044367,2.2416305304957227
2018-10-23T00:00:00.000Z,PEL,R320-Z001,2,0.0,0.4948937176849385
2018-10-24T00:00:00.000Z,PEL,R320-Z001,0,24.055065790812172,18.962244491271118
2018-10-24T00:00:00.000Z,PEL,R320-Z001,1,1.5633039474487305,2.2416305304957227
2018-10-24T00:00:00.000Z,PEL,R320-Z001,2,0.5211013158162434,0.4948937176849385
2018-10-25T00:00:00.000Z,PEL,R320-Z001,0,24.43659518848766,18.962244491271118
2018-10-25T00:00:00.000Z,PEL,R320-Z001,1,1.5550938346169212,2.2416305304957227
2018-10-25T00:00:00.000Z,PEL,R320-Z001,2,0.5183646115389737,0.4948937176849385
2018-10-26T00:00:00.000Z,PEL,R320-Z001,0,23.465960426330568,18.962244491271118
2018-10-26T00:00:00.000Z,PEL,R320-Z001,1,0.5197134780883789,2.2416305304957227
2018-10-26T00:00:00.000Z,PEL,R320-Z001,2,0.0,0.4948937176849385
2018-10-27T00:00:00.000Z,PEL,R320-Z001,0,19.920387268066406,18.962244491271118
2018-10-27T00:00:00.000Z,PEL,R320-Z001,1,0.0,2.2416305304957227
2018-10-27T00:00:00.000Z,PEL,R320-Z001,2,0.0,0.4948937176849385
2018-10-28T00:00:00.000Z,PEL,R320-Z001,0,19.290836334228516,18.962244491271118
2018-10-28T00:00:00.000Z,PEL,R320-Z001,1,0.0,2.2416305304957227
2018-10-28T00:00:00.000Z,PEL,R320-Z001,2,0.0,0.4948937176849385
2018-10-29T00:00:00.000Z,PEL,R320-Z001,0,23.858165740966797,18.962244491271118
2018-10-29T00:00:00.000Z,PEL,R320-Z001,1,0.0,2.2416305304957227
2018-10-29T00:00:00.000Z,PEL,R320-Z001,2,0.0,0.4948937176849385
2018-10-30T00:00:00.000Z,PEL,R320-Z001,0,26.086178804055237,18.962244491271118
2018-10-30T00:00:00.000Z,PEL,R320-Z001,1,0.7391099685277694,2.2416305304957227
2018-10-30T00:00:00.000Z,PEL,R320-Z001,2,0.0,0.4948937176849385
2018-10-31T00:00:00.000Z,PEL,R320-Z001,0,28.533782741001676,18.962244491271118
2018-10-31T00:00:00.000Z,PEL,R320-Z001,1,0.8980524335588728,2.2416305304957227
2018-10-31T00:00:00.000Z,PEL,R320-Z001,2,0.0,0.4948937176849385
2018-11-01T00:00:00.000Z,PEL,R320-Z001,0,21.436840960853978,18.962244491271118
2018-11-01T00:00:00.000Z,PEL,R320-Z001,1,1.3392480549059416,2.2416305304957227
2018-11-01T00:00:00.000Z,PEL,R320-Z001,2,0.6696240274529708,0.4948937176849385
2018-11-02T00:00:00.000Z,PEL,R320-Z001,0,23.268311720628006,18.962244491271118
2018-11-02T00:00:00.000Z,PEL,R320-Z001,1,1.4037950955904446,2.2416305304957227
2018-11-02T00:00:00.000Z,PEL,R320-Z001,2,0.7018975477952223,0.4948937176849385
2018-11-03T00:00:00.000Z,PEL,R320-Z001,0,19.743014403751918,18.962244491271118
2018-11-03T00:00:00.000Z,PEL,R320-Z001,1,0.8052968297685895,2.2416305304957227
2018-11-03T00:00:00.000Z,PEL,R320-Z001,2,0.0,0.4948937176849385
2018-11-04T00:00:00.000Z,PEL,R320-Z001,0,19.5203150340489,18.962244491271118
2018-11-04T00:00:00.000Z,PEL,R320-Z001,1,0.797048704964774,2.2416305304957227
2018-11-04T00:00:00.000Z,PEL,R320-Z001,2,0.0,0.4948937176849385
2018-11-05T00:00:00.000Z,PEL,R320-Z001,0,27.405042604966596,18.962244491271118
2018-11-05T00:00:00.000Z,PEL,R320-Z001,1,0.7171961610967463,2.2416305304957227
2018-11-05T00:00:00.000Z,PEL,R320-Z001,2,1.4343923221934927,0.4948937176849385
2018-11-06T00:00:00.000Z,PEL,R320-Z001,0,30.358081973328883,18.962244491271118
2018-11-06T00:00:00.000Z,PEL,R320-Z001,1,1.4381369765923946,2.2416305304957227
2018-11-06T00:00:00.000Z,PEL,R320-Z001,2,1.4381369765923946,0.4948937176849385
2018-11-07T00:00:00.000Z,PEL,R320-Z001,0,32.21374312691067,18.962244491271118
2018-11-07T00:00:00.000Z,PEL,R320-Z001,1,1.555170142132303,2.2416305304957227
2018-11-07T00:00:00.000Z,PEL,R320-Z001,2,0.0,0.4948937176849385
2018-11-08T00:00:00.000Z,PEL,R320-Z001,0,32.62765348718521,18.962244491271118
2018-11-08T00:00:00.000Z,PEL,R320-Z001,1,1.5390068216526762,2.2416305304957227
2018-11-08T00:00:00.000Z,PEL,R320-Z001,2,0.0,0.4948937176849385
2018-11-09T00:00:00.000Z,PEL,R320-Z001,0,30.803367614746094,18.962244491271118
2018-11-09T00:00:00.000Z,PEL,R320-Z001,1,1.4910621643066406,2.2416305304957227
2018-11-09T00:00:00.000Z,PEL,R320-Z001,2,0.0,0.4948937176849385
2018-11-10T00:00:00.000Z,PEL,R320-Z001,0,22.436033295422064,18.962244491271118
2018-11-10T00:00:00.000Z,PEL,R320-Z001,1,1.253129912585747,2.2416305304957227
2018-11-10T00:00:00.000Z,PEL,R320-Z001,2,0.0,0.4948937176849385
2018-11-11T00:00:00.000Z,PEL,R320-Z001,0,21.292484516050756,18.962244491271118
2018-11-11T00:00:00.000Z,PEL,R320-Z001,1,1.1944863854385004,2.2416305304957227
2018-11-11T00:00:00.000Z,PEL,R320-Z001,2,0.0,0.4948937176849385
2018-11-12T00:00:00.000Z,PEL,R320-Z001,0,29.772016201379163,18.962244491271118
2018-11-12T00:00:00.000Z,PEL,R320-Z001,1,2.593633975622789,2.2416305304957227
2018-11-12T00:00:00.000Z,PEL,R320-Z001,2,0.0,0.4948937176849385
2018-11-13T00:00:00.000Z,PEL,R320-Z001,0,31.14864154890472,18.962244491271118
2018-11-13T00:00:00.000Z,PEL,R320-Z001,1,3.603113211837469,2.2416305304957227
2018-11-13T00:00:00.000Z,PEL,R320-Z001,2,0.0,0.4948937176849385
2018-11-14T00:00:00.000Z,PEL,R320-Z001,0,27.82761168898198,18.962244491271118
2018-11-14T00:00:00.000Z,PEL,R320-Z001,1,4.86981415330318,2.2416305304957227
2018-11-14T00:00:00.000Z,PEL,R320-Z001,2,0.0,0.4948937176849385
2018-11-15T00:00:00.000Z,PEL,R320-Z001,0,27.65461095174153,18.962244491271118
2018-11-15T00:00:00.000Z,PEL,R320-Z001,1,5.930922190348307,2.2416305304957227
2018-11-15T00:00:00.000Z,PEL,R320-Z001,2,0.0,0.4948937176849385
2018-11-16T00:00:00.000Z,PEL,R320-Z001,0,26.661473592122398,18.962244491271118
2018-11-16T00:00:00.000Z,PEL,R320-Z001,1,5.732294718424479,2.2416305304957227
2018-11-16T00:00:00.000Z,PEL,R320-Z001,2,0.0,0.4948937176849385
2018-11-17T00:00:00.000Z,PEL,R320-Z001,0,20.448204040527344,18.962244491271118
2018-11-17T00:00:00.000Z,PEL,R320-Z001,1,3.2068862915039062,2.2416305304957227
2018-11-17T00:00:00.000Z,PEL,R320-Z001,2,0.0,0.4948937176849385
2018-11-18T00:00:00.000Z,PEL,R320-Z001,0,20.460312769963192,18.962244491271118
2018-11-18T00:00:00.000Z,PEL,R320-Z001,1,3.3029871720534105,2.2416305304957227
2018-11-18T00:00:00.000Z,PEL,R320-Z001,2,0.0,0.4948937176849385
2018-11-19T00:00:00.000Z,PEL,R320-Z001,0,26.73519942339729,18.962244491271118
2018-11-19T00:00:00.000Z,PEL,R320-Z001,1,6.157542733585133,2.2416305304957227
2018-11-19T00:00:00.000Z,PEL,R320-Z001,2,0.0,0.4948937176849385
2018-11-20T00:00:00.000Z,PEL,R320-Z001,0,27.20782442446108,18.962244491271118
2018-11-20T00:00:00.000Z,PEL,R320-Z001,1,6.638141914650245,2.2416305304957227
2018-11-20T00:00:00.000Z,PEL,R320-Z001,2,0.0,0.4948937176849385
2018-11-21T00:00:00.000Z,PEL,R320-Z001,0,28.91240508468063,18.962244491271118
2018-11-21T00:00:00.000Z,PEL,R320-Z001,1,4.603975225377965,2.2416305304957227
2018-11-21T00:00:00.000Z,PEL,R320-Z001,2,0.0,0.4948937176849385
2018-11-22T00:00:00.000Z,PEL,R320-Z001,0,31.627872467041016,18.962244491271118
2018-11-22T00:00:00.000Z,PEL,R320-Z001,1,2.7451324462890625,2.2416305304957227
2018-11-22T00:00:00.000Z,PEL,R320-Z001,2,0.0,0.4948937176849385
2018-11-23T00:00:00.000Z,PEL,R320-Z001,0,29.220519542694092,18.962244491271118
2018-11-23T00:00:00.000Z,PEL,R320-Z001,1,2.0813679695129395,2.2416305304957227
2018-11-23T00:00:00.000Z,PEL,R320-Z001,2,0.0,0.4948937176849385
2018-11-24T00:00:00.000Z,PEL,R320-Z001,0,21.592090068719326,18.962244491271118
2018-11-24T00:00:00.000Z,PEL,R320-Z001,1,1.2752481118226662,2.2416305304957227
2018-11-24T00:00:00.000Z,PEL,R320-Z001,2,0.0,0.4948937176849385
2018-11-25T00:00:00.000Z,PEL,R320-Z001,0,21.755681249830456,18.962244491271118
2018-11-25T00:00:00.000Z,PEL,R320-Z001,1,1.3973930146959093,2.2416305304957227
2018-11-25T00:00:00.000Z,PEL,R320-Z001,2,0.0,0.4948937176849385
2018-11-26T00:00:00.000Z,PEL,R320-Z001,0,26.685256678883626,18.962244491271118
2018-11-26T00:00:00.000Z,PEL,R320-Z001,1,3.1011088301495806,2.2416305304957227
2018-11-26T00:00:00.000Z,PEL,R320-Z001,2,0.0,0.4948937176849385
2018-11-27T00:00:00.000Z,PEL,R320-Z001,0,29.899569320678715,18.962244491271118
2018-11-27T00:00:00.000Z,PEL,R320-Z001,1,2.8355172729492186,2.2416305304957227
2018-11-27T00:00:00.000Z,PEL,R320-Z001,2,0.7088793182373047,0.4948937176849385
2018-11-28T00:00:00.000Z,PEL,R320-Z001,0,29.1992307809683,18.962244491271118
2018-11-28T00:00:00.000Z,PEL,R320-Z001,1,4.853213677039514,2.2416305304957227
2018-11-28T00:00:00.000Z,PEL,R320-Z001,2,0.0,0.4948937176849385
2018-11-29T00:00:00.000Z,PEL,R320-Z001,0,31.962120208740235,18.962244491271118
2018-11-29T00:00:00.000Z,PEL,R320-Z001,1,2.214920883178711,2.2416305304957227
2018-11-29T00:00:00.000Z,PEL,R320-Z001,2,0.7383069610595703,0.4948937176849385
2018-11-30T00:00:00.000Z,PEL,R320-Z001,0,30.390684763590496,18.962244491271118
2018-11-30T00:00:00.000Z,PEL,R320-Z001,1,1.5065434773763022,2.2416305304957227
2018-11-30T00:00:00.000Z,PEL,R320-Z001,2,0.0,0.4948937176849385
2018-12-01T00:00:00.000Z,PEL,R320-Z001,0,25.002113342285156,18.962244491271118
2018-12-01T00:00:00.000Z,PEL,R320-Z001,1,0.0,2.2416305304957227
2018-12-01T00:00:00.000Z,PEL,R320-Z001,2,0.0,0.4948937176849385
2018-12-02T00:00:00.000Z,PEL,R320-Z001,0,24.80878257751465,18.962244491271118
2018-12-02T00:00:00.000Z,PEL,R320-Z001,1,0.0,2.2416305304957227
2018-12-02T00:00:00.000Z,PEL,R320-Z001,2,0.0,0.4948937176849385
2018-12-03T00:00:00.000Z,PEL,R320-Z001,0,31.969631195068356,18.962244491271118
2018-12-03T00:00:00.000Z,PEL,R320-Z001,1,0.0,2.2416305304957227
2018-12-03T00:00:00.000Z,PEL,R320-Z001,2,0.0,0.4948937176849385
2018-12-04T00:00:00.000Z,PEL,R320-Z001,0,32.65270480774996,18.962244491271118
2018-12-04T00:00:00.000Z,PEL,R320-Z001,1,1.9048700834575452,2.2416305304957227
2018-12-04T00:00:00.000Z,PEL,R320-Z001,2,0.6349566944858483,0.4948937176849385
2018-12-05T00:00:00.000Z,PEL,R320-Z001,0,32.43268500434027,18.962244491271118
2018-12-05T00:00:00.000Z,PEL,R320-Z001,1,2.674614800347222,2.2416305304957227
2018-12-05T00:00:00.000Z,PEL,R320-Z001,2,0.0,0.4948937176849385
2018-12-06T00:00:00.000Z,PEL,R320-Z001,0,31.384654490152993,18.962244491271118
2018-12-06T00:00:00.000Z,PEL,R320-Z001,1,4.9822545369466145,2.2416305304957227
2018-12-06T00:00:00.000Z,PEL,R320-Z001,2,0.0,0.4948937176849385
2018-12-07T00:00:00.000Z,PEL,R320-Z001,0,30.1504889594184,18.962244491271118
2018-12-07T00:00:00.000Z,PEL,R320-Z001,1,3.8938111199273,2.2416305304957227
2018-12-07T00:00:00.000Z,PEL,R320-Z001,2,0.0,0.4948937176849385
2018-12-08T00:00:00.000Z,PEL,R320-Z001,0,22.699777126312256,18.962244491271118
2018-12-08T00:00:00.000Z,PEL,R320-Z001,1,1.5799851417541504,2.2416305304957227
2018-12-08T00:00:00.000Z,PEL,R320-Z001,2,0.0,0.4948937176849385
2018-12-09T00:00:00.000Z,PEL,R320-Z001,0,22.736304498487904,18.962244491271118
2018-12-09T00:00:00.000Z,PEL,R320-Z001,1,1.6369865171370968,2.2416305304957227
2018-12-09T00:00:00.000Z,PEL,R320-Z001,2,0.0,0.4948937176849385
2018-12-10T00:00:00.000Z,PEL,R320-Z001,0,27.360091473193883,18.962244491271118
2018-12-10T00:00:00.000Z,PEL,R320-Z001,1,2.638148044018035,2.2416305304957227
2018-12-10T00:00:00.000Z,PEL,R320-Z001,2,0.0,0.4948937176849385
2018-12-11T00:00:00.000Z,PEL,R320-Z001,0,30.59828132495545,18.962244491271118
2018-12-11T00:00:00.000Z,PEL,R320-Z001,1,3.038296281245717,2.2416305304957227
2018-12-11T00:00:00.000Z,PEL,R320-Z001,2,0.0,0.4948937176849385
2018-12-12T00:00:00.000Z,PEL,R320-Z001,0,31.204746982507537,18.962244491271118
2018-12-12T00:00:00.000Z,PEL,R320-Z001,1,3.096610286779571,2.2416305304957227
2018-12-12T00:00:00.000Z,PEL,R320-Z001,2,0.0,0.4948937176849385
2018-12-13T00:00:00.000Z,PEL,R320-Z001,0,30.181820956143465,18.962244491271118
2018-12-13T00:00:00.000Z,PEL,R320-Z001,1,2.494545676491477,2.2416305304957227
2018-12-13T00:00:00.000Z,PEL,R320-Z001,2,0.6236364191228693,0.4948937176849385
2018-12-14T00:00:00.000Z,PEL,R320-Z001,0,25.236311464893575,18.962244491271118
2018-12-14T00:00:00.000Z,PEL,R320-Z001,1,2.9813990301015427,2.2416305304957227
2018-12-14T00:00:00.000Z,PEL,R320-Z001,2,0.0,0.4948937176849385
2018-12-15T00:00:00.000Z,PEL,R320-Z001,0,20.504600524902344,18.962244491271118
2018-12-15T00:00:00.000Z,PEL,R320-Z001,1,0.0,2.2416305304957227
2018-12-15T00:00:00.000Z,PEL,R320-Z001,2,0.0,0.4948937176849385
2018-12-16T00:00:00.000Z,PEL,R320-Z001,0,20.404624938964844,18.962244491271118
2018-12-16T00:00:00.000Z,PEL,R320-Z001,1,0.0,2.2416305304957227
2018-12-16T00:00:00.000Z,PEL,R320-Z001,2,0.0,0.4948937176849385
2018-12-17T00:00:00.000Z,PEL,R320-Z001,0,26.233837539074464,18.962244491271118
2018-12-17T00:00:00.000Z,PEL,R320-Z001,1,2.317773407580806,2.2416305304957227
2018-12-17T00:00:00.000Z,PEL,R320-Z001,2,0.0,0.4948937176849385
2018-12-18T00:00:00.000Z,PEL,R320-Z001,0,25.763783005048644,18.962244491271118
2018-12-18T00:00:00.000Z,PEL,R320-Z001,1,4.072749587724794,2.2416305304957227
2018-12-18T00:00:00.000Z,PEL,R320-Z001,2,0.0,0.4948937176849385
2018-12-19T00:00:00.000Z,PEL,R320-Z001,0,25.42975065443251,18.962244491271118
2018-12-19T00:00:00.000Z,PEL,R320-Z001,1,3.9363458421495228,2.2416305304957227
2018-12-19T00:00:00.000Z,PEL,R320-Z001,2,0.0,0.4948937176849385
2018-12-20T00:00:00.000Z,PEL,R320-Z001,0,24.978341579437256,18.962244491271118
2018-12-20T00:00:00.000Z,PEL,R320-Z001,1,3.7111916542053223,2.2416305304957227
2018-12-20T00:00:00.000Z,PEL,R320-Z001,2,0.0,0.4948937176849385
2018-12-21T00:00:00.000Z,PEL,R320-Z001,0,21.20647402507503,18.962244491271118
2018-12-21T00:00:00.000Z,PEL,R320-Z001,1,2.400699894602706,2.2416305304957227
2018-12-21T00:00:00.000Z,PEL,R320-Z001,2,0.0,0.4948937176849385
2018-12-22T00:00:00.000Z,PEL,R320-Z001,0,16.85911717908136,18.962244491271118
2018-12-22T00:00:00.000Z,PEL,R320-Z001,1,2.06066736681708,2.2416305304957227
2018-12-22T00:00:00.000Z,PEL,R320-Z001,2,0.0,0.4948937176849385
2018-12-23T00:00:00.000Z,PEL,R320-Z001,0,16.53156819836847,18.962244491271118
2018-12-23T00:00:00.000Z,PEL,R320-Z001,1,2.0228732536579,2.2416305304957227
2018-12-23T00:00:00.000Z,PEL,R320-Z001,2,0.0,0.4948937176849385
2018-12-24T00:00:00.000Z,PEL,R320-Z001,0,24.335248565673826,18.962244491271118
2018-12-24T00:00:00.000Z,PEL,R320-Z001,1,2.8150276184082035,2.2416305304957227
2018-12-24T00:00:00.000Z,PEL,R320-Z001,2,0.0,0.4948937176849385
2018-12-25T00:00:00.000Z,PEL,R320-Z001,0,21.17731598096016,18.962244491271118
2018-12-25T00:00:00.000Z,PEL,R320-Z001,1,2.5345503978240185,2.2416305304957227
2018-12-25T00:00:00.000Z,PEL,R320-Z001,2,0.0,0.4948937176849385
2018-12-26T00:00:00.000Z,PEL,R320-Z001,0,23.44316826797113,18.962244491271118
2018-12-26T00:00:00.000Z,PEL,R320-Z001,1,3.394884481662657,2.2416305304957227
2018-12-26T00:00:00.000Z,PEL,R320-Z001,2,0.0,0.4948937176849385
2018-12-27T00:00:00.000Z,PEL,R320-Z001,0,21.952703785251927,18.962244491271118
2018-12-27T00:00:00.000Z,PEL,R320-Z001,1,4.442458797145535,2.2416305304957227
2018-12-27T00:00:00.000Z,PEL,R320-Z001,2,0.0,0.4948937176849385
2018-12-28T00:00:00.000Z,PEL,R320-Z001,0,18.80125731229782,18.962244491271118
2018-12-28T00:00:00.000Z,PEL,R320-Z001,1,3.6668995022773743,2.2416305304957227
2018-12-28T00:00:00.000Z,PEL,R320-Z001,2,0.0,0.4948937176849385
2018-12-29T00:00:00.000Z,PEL,R320-Z001,0,14.91102123260498,18.962244491271118
2018-12-29T00:00:00.000Z,PEL,R320-Z001,1,3.182204246520996,2.2416305304957227
2018-12-29T00:00:00.000Z,PEL,R320-Z001,2,0.0,0.4948937176849385
2018-12-30T00:00:00.000Z,PEL,R320-Z001,0,14.919574606007542,18.962244491271118
2018-12-30T00:00:00.000Z,PEL,R320-Z001,1,3.3165780429182377,2.2416305304957227
2018-12-30T00:00:00.000Z,PEL,R320-Z001,2,0.0,0.4948937176849385
2018-12-31T00:00:00.000Z,PEL,R320-Z001,0,15.156950915301287,18.962244491271118
2018-12-31T00:00:00.000Z,PEL,R320-Z001,1,3.672034298932111,2.2416305304957227
2018-12-31T00:00:00.000Z,PEL,R320-Z001,2,0.0,0.4948937176849385
2019-01-01T00:00:00.000Z,PEL,R320-Z001,0,14.454134885002587,18.962244491271118
2019-01-01T00:00:00.000Z,PEL,R320-Z001,1,4.755118426154642,2.2416305304957227
2019-01-01T00:00:00.000Z,PEL,R320-Z001,2,0.0,0.4948937176849385
2019-01-02T00:00:00.000Z,PEL,R320-Z001,0,17.485870361328125,18.962244491271118
2019-01-02T00:00:00.000Z,PEL,R320-Z001,1,2.640838623046875,2.2416305304957227
2019-01-02T00:00:00.000Z,PEL,R320-Z001,2,0.0,0.4948937176849385
2019-01-03T00:00:00.000Z,PEL,R320-Z001,0,17.802443646370097,18.962244491271118
2019-01-03T00:00:00.000Z,PEL,R320-Z001,1,3.8569115172041224,2.2416305304957227
2019-01-03T00:00:00.000Z,PEL,R320-Z001,2,0.0,0.4948937176849385
2019-01-04T00:00:00.000Z,PEL,R320-Z001,0,22.440966389395975,18.962244491271118
2019-01-04T00:00:00.000Z,PEL,R320-Z001,1,3.0052521012046123,2.2416305304957227
2019-01-04T00:00:00.000Z,PEL,R320-Z001,2,0.0,0.4948937176849385
2019-01-05T00:00:00.000Z,PEL,R320-Z001,0,19.97349599889807,18.962244491271118
2019-01-05T00:00:00.000Z,PEL,R320-Z001,1,1.8506025881380648,2.2416305304957227
2019-01-05T00:00:00.000Z,PEL,R320-Z001,2,0.0,0.4948937176849385
2019-01-06T00:00:00.000Z,PEL,R320-Z001,0,20.387754758199055,18.962244491271118
2019-01-06T00:00:00.000Z,PEL,R320-Z001,1,1.9443413416544595,2.2416305304957227
2019-01-06T00:00:00.000Z,PEL,R320-Z001,2,0.0,0.4948937176849385
2019-01-07T00:00:00.000Z,PEL,R320-Z001,0,19.096444718381193,18.962244491271118
2019-01-07T00:00:00.000Z,PEL,R320-Z001,1,2.940943129519199,2.2416305304957227
2019-01-07T00:00:00.000Z,PEL,R320-Z001,2,0.0,0.4948937176849385
2019-01-08T00:00:00.000Z,PEL,R320-Z001,0,24.042925240858544,18.962244491271118
2019-01-08T00:00:00.000Z,PEL,R320-Z001,1,4.452075598374853,2.2416305304957227
2019-01-08T00:00:00.000Z,PEL,R320-Z001,2,0.0,0.4948937176849385
2019-01-09T00:00:00.000Z,PEL,R320-Z001,0,25.32932366265191,18.962244491271118
2019-01-09T00:00:00.000Z,PEL,R320-Z001,1,3.2911654578314886,2.2416305304957227
2019-01-09T00:00:00.000Z,PEL,R320-Z001,2,0.0,0.4948937176849385
2019-01-10T00:00:00.000Z,PEL,R320-Z001,0,27.08766281604767,18.962244491271118
2019-01-10T00:00:00.000Z,PEL,R320-Z001,1,2.6128058433532715,2.2416305304957227
2019-01-10T00:00:00.000Z,PEL,R320-Z001,2,0.6532014608383179,0.4948937176849385
2019-01-11T00:00:00.000Z,PEL,R320-Z001,0,23.094293843144953,18.962244491271118
2019-01-11T00:00:00.000Z,PEL,R320-Z001,1,2.294694651728091,2.2416305304957227
2019-01-11T00:00:00.000Z,PEL,R320-Z001,2,0.0,0.4948937176849385
2019-01-12T00:00:00.000Z,PEL,R320-Z001,0,17.590635657310486,18.962244491271118
2019-01-12T00:00:00.000Z,PEL,R320-Z001,1,1.2393757104873657,2.2416305304957227
2019-01-12T00:00:00.000Z,PEL,R320-Z001,2,0.0,0.4948937176849385
2019-01-13T00:00:00.000Z,PEL,R320-Z001,0,17.06578642322171,18.962244491271118
2019-01-13T00:00:00.000Z,PEL,R320-Z001,1,1.2459163050497732,2.2416305304957227
2019-01-13T00:00:00.000Z,PEL,R320-Z001,2,0.0,0.4948937176849385
2019-01-14T00:00:00.000Z,PEL,R320-Z001,0,22.019840631729515,18.962244491271118
2019-01-14T00:00:00.000Z,PEL,R320-Z001,1,1.2443157098232172,2.2416305304957227
2019-01-14T00:00:00.000Z,PEL,R320-Z001,2,0.0,0.4948937176849385
2019-01-15T00:00:00.000Z,PEL,R320-Z001,0,21.606410843985422,18.962244491271118
2019-01-15T00:00:00.000Z,PEL,R320-Z001,1,1.7389546803065707,2.2416305304957227
2019-01-15T00:00:00.000Z,PEL,R320-Z001,2,0.0,0.4948937176849385
2019-01-16T00:00:00.000Z,PEL,R320-Z001,0,19.382308523995537,18.962244491271118
2019-01-16T00:00:00.000Z,PEL,R320-Z001,1,1.9108414241245817,2.2416305304957227
2019-01-16T00:00:00.000Z,PEL,R320-Z001,2,0.0,0.4948937176849385
2019-01-17T00:00:00.000Z,PEL,R320-Z001,0,17.394181535050677,18.962244491271118
2019-01-17T00:00:00.000Z,PEL,R320-Z001,1,2.2295977618243246,2.2416305304957227
2019-01-17T00:00:00.000Z,PEL,R320-Z001,2,0.0,0.4948937176849385
2019-01-18T00:00:00.000Z,PEL,R320-Z001,0,16.451923308833955,18.962244491271118
2019-01-18T00:00:00.000Z,PEL,R320-Z001,1,1.2035809178506174,2.2416305304957227
2019-01-18T00:00:00.000Z,PEL,R320-Z001,2,0.0,0.4948937176849385
2019-01-19T00:00:00.000Z,PEL,R320-Z001,0,14.399739265441896,18.962244491271118
2019-01-19T00:00:00.000Z,PEL,R320-Z001,1,0.0,2.2416305304957227
2019-01-19T00:00:00.000Z,PEL,R320-Z001,2,0.0,0.4948937176849385
2019-01-20T00:00:00.000Z,PEL,R320-Z001,0,14.27878475189209,18.962244491271118
2019-01-20T00:00:00.000Z,PEL,R320-Z001,1,0.0,2.2416305304957227
2019-01-20T00:00:00.000Z,PEL,R320-Z001,2,0.0,0.4948937176849385
2019-01-21T00:00:00.000Z,PEL,R320-Z001,0,23.984020233154297,18.962244491271118
2019-01-21T00:00:00.000Z,PEL,R320-Z001,1,0.0,2.2416305304957227
2019-01-21T00:00:00.000Z,PEL,R320-Z001,2,0.0,0.4948937176849385
2019-01-22T00:00:00.000Z,PEL,R320-Z001,0,23.414782465720663,18.962244491271118
2019-01-22T00:00:00.000Z,PEL,R320-Z001,1,0.0,2.2416305304957227
2019-01-22T00:00:00.000Z,PEL,R320-Z001,2,0.5086413013691804,0.4948937176849385
2019-01-23T00:00:00.000Z,PEL,R320-Z001,0,29.208379496698797,18.962244491271118
2019-01-23T00:00:00.000Z,PEL,R320-Z001,1,0.0,2.2416305304957227
2019-01-23T00:00:00.000Z,PEL,R320-Z001,2,0.6712973221488621,0.4948937176849385
2019-01-24T00:00:00.000Z,PEL,R320-Z001,0,29.587257385253906,18.962244491271118
2019-01-24T00:00:00.000Z,PEL,R320-Z001,1,0.0,2.2416305304957227
2019-01-24T00:00:00.000Z,PEL,R320-Z001,2,0.0,0.4948937176849385
2019-01-25T00:00:00.000Z,PEL,R320-Z001,0,26.30341837622903,18.962244491271118
2019-01-25T00:00:00.000Z,PEL,R320-Z001,1,1.9978111006996846,2.2416305304957227
2019-01-25T00:00:00.000Z,PEL,R320-Z001,2,0.0,0.4948937176849385
2019-01-26T00:00:00.000Z,PEL,R320-Z001,0,20.613517992424242,18.962244491271118
2019-01-26T00:00:00.000Z,PEL,R320-Z001,1,0.6754224372632576,2.2416305304957227
2019-01-26T00:00:00.000Z,PEL,R320-Z001,2,0.0,0.4948937176849385
2019-01-27T00:00:00.000Z,PEL,R320-Z001,0,20.860788345336914,18.962244491271118
2019-01-27T00:00:00.000Z,PEL,R320-Z001,1,0.0,2.2416305304957227
2019-01-27T00:00:00.000Z,PEL,R320-Z001,2,0.0,0.4948937176849385
2019-01-28T00:00:00.000Z,PEL,R320-Z001,0,28.02215351202549,18.962244491271118
2019-01-28T00:00:00.000Z,PEL,R320-Z001,1,0.7637408818954077,2.2416305304957227
2019-01-28T00:00:00.000Z,PEL,R320-Z001,2,0.0,0.4948937176849385
2019-01-29T00:00:00.000Z,PEL,R320-Z001,0,28.995580145653257,18.962244491271118
2019-01-29T00:00:00.000Z,PEL,R320-Z001,1,1.363435461166057,2.2416305304957227
2019-01-29T00:00:00.000Z,PEL,R320-Z001,2,0.6817177305830285,0.4948937176849385
2019-01-30T00:00:00.000Z,PEL,R320-Z001,0,30.83526445471722,18.962244491271118
2019-01-30T00:00:00.000Z,PEL,R320-Z001,1,1.4470574752144192,2.2416305304957227
2019-01-30T00:00:00.000Z,PEL,R320-Z001,2,0.0,0.4948937176849385
2019-01-31T00:00:00.000Z,PEL,R320-Z001,0,32.21421813964844,18.962244491271118
2019-01-31T00:00:00.000Z,PEL,R320-Z001,1,1.355682373046875,2.2416305304957227
2019-01-31T00:00:00.000Z,PEL,R320-Z001,2,0.0,0.4948937176849385
2019-02-01T00:00:00.000Z,PEL,R320-Z001,0,28.206630375074305,18.962244491271118
2019-02-01T00:00:00.000Z,PEL,R320-Z001,1,1.3275741079579229,2.2416305304957227
2019-02-01T00:00:00.000Z,PEL,R320-Z001,2,0.0,0.4948937176849385
2019-02-02T00:00:00.000Z,PEL,R320-Z001,0,22.220144510269165,18.962244491271118
2019-02-02T00:00:00.000Z,PEL,R320-Z001,1,1.5480096340179443,2.2416305304957227
2019-02-02T00:00:00.000Z,PEL,R320-Z001,2,0.0,0.4948937176849385
2019-02-03T00:00:00.000Z,PEL,R320-Z001,0,21.928618788719177,18.962244491271118
2019-02-03T00:00:00.000Z,PEL,R320-Z001,1,1.5285745859146118,2.2416305304957227
2019-02-03T00:00:00.000Z,PEL,R320-Z001,2,0.0,0.4948937176849385
2019-02-04T00:00:00.000Z,PEL,R320-Z001,0,25.608709290970204,18.962244491271118
2019-02-04T00:00:00.000Z,PEL,R320-Z001,1,1.995653196822765,2.2416305304957227
2019-02-04T00:00:00.000Z,PEL,R320-Z001,2,0.0,0.4948937176849385
2019-02-05T00:00:00.000Z,PEL,R320-Z001,0,29.231509764989216,18.962244491271118
2019-02-05T00:00:00.000Z,PEL,R320-Z001,1,0.6572067340215046,2.2416305304957227
2019-02-05T00:00:00.000Z,PEL,R320-Z001,2,0.6572067340215046,0.4948937176849385
2019-02-06T00:00:00.000Z,PEL,R320-Z001,0,28.594060352870397,18.962244491271118
2019-02-06T00:00:00.000Z,PEL,R320-Z001,1,3.5512872423444475,2.2416305304957227
2019-02-06T00:00:00.000Z,PEL,R320-Z001,2,0.0,0.4948937176849385
2019-02-07T00:00:00.000Z,PEL,R320-Z001,0,27.616072124905056,18.962244491271118
2019-02-07T00:00:00.000Z,PEL,R320-Z001,1,4.261968188815646,2.2416305304957227
2019-02-07T00:00:00.000Z,PEL,R320-Z001,2,0.0,0.4948937176849385
2019-02-08T00:00:00.000Z,PEL,R320-Z001,0,23.820758446403172,18.962244491271118
2019-02-08T00:00:00.000Z,PEL,R320-Z001,1,4.455007926277492,2.2416305304957227
2019-02-08T00:00:00.000Z,PEL,R320-Z001,2,0.0,0.4948937176849385
2019-02-09T00:00:00.000Z,PEL,R320-Z001,0,21.58370380401611,18.962244491271118
2019-02-09T00:00:00.000Z,PEL,R320-Z001,1,2.509300422668457,2.2416305304957227
2019-02-09T00:00:00.000Z,PEL,R320-Z001,2,0.0,0.4948937176849385
2019-02-10T00:00:00.000Z,PEL,R320-Z001,0,21.395135498046873,18.962244491271118
2019-02-10T00:00:00.000Z,PEL,R320-Z001,1,2.488348388671875,2.2416305304957227
2019-02-10T00:00:00.000Z,PEL,R320-Z001,2,0.0,0.4948937176849385
2019-02-11T00:00:00.000Z,PEL,R320-Z001,0,23.794837288234547,18.962244491271118
2019-02-11T00:00:00.000Z,PEL,R320-Z001,1,3.7192255932351816,2.2416305304957227
2019-02-11T00:00:00.000Z,PEL,R320-Z001,2,0.0,0.4948937176849385
2019-02-12T00:00:00.000Z,PEL,R320-Z001,0,28.55320807064281,18.962244491271118
2019-02-12T00:00:00.000Z,PEL,R320-Z001,1,5.498271268956802,2.2416305304957227
2019-02-12T00:00:00.000Z,PEL,R320-Z001,2,0.0,0.4948937176849385
2019-02-13T00:00:00.000Z,PEL,R320-Z001,0,29.82913215343769,18.962244491271118
2019-02-13T00:00:00.000Z,PEL,R320-Z001,1,4.795642779423641,2.2416305304957227
2019-02-13T00:00:00.000Z,PEL,R320-Z001,2,0.0,0.4948937176849385
2019-02-14T00:00:00.000Z,PEL,R320-Z001,0,26.22343132019043,18.962244491271118
2019-02-14T00:00:00.000Z,PEL,R320-Z001,1,5.97587516784668,2.2416305304957227
2019-02-14T00:00:00.000Z,PEL,R320-Z001,2,0.0,0.4948937176849385
2019-02-15T00:00:00.000Z,PEL,R320-Z001,0,21.212814894589513,18.962244491271118
2019-02-15T00:00:00.000Z,PEL,R320-Z001,1,4.202424439516935,2.2416305304957227
2019-02-15T00:00:00.000Z,PEL,R320-Z001,2,0.0,0.4948937176849385
2019-02-16T00:00:00.000Z,PEL,R320-Z001,0,17.4198235405816,18.962244491271118
2019-02-16T00:00:00.000Z,PEL,R320-Z001,1,2.3024779425726996,2.2416305304957227
2019-02-16T00:00:00.000Z,PEL,R320-Z001,2,0.0,0.4948937176849385
2019-02-17T00:00:00.000Z,PEL,R320-Z001,0,17.27369067248176,18.962244491271118
2019-02-17T00:00:00.000Z,PEL,R320-Z001,1,1.768421677982106,2.2416305304957227
2019-02-17T00:00:00.000Z,PEL,R320-Z001,2,0.0,0.4948937176849385
2019-02-18T00:00:00.000Z,PEL,R320-Z001,0,22.28107424577077,18.962244491271118
2019-02-18T00:00:00.000Z,PEL,R320-Z001,1,3.9748175541559854,2.2416305304957227
2019-02-18T00:00:00.000Z,PEL,R320-Z001,2,0.0,0.4948937176849385
2019-02-19T00:00:00.000Z,PEL,R320-Z001,0,19.690668845663268,18.962244491271118
2019-02-19T00:00:00.000Z,PEL,R320-Z001,1,4.655400490274234,2.2416305304957227
2019-02-19T00:00:00.000Z,PEL,R320-Z001,2,0.0,0.4948937176849385
2019-02-20T00:00:00.000Z,PEL,R320-Z001,0,20.18731620094993,18.962244491271118
2019-02-20T00:00:00.000Z,PEL,R320-Z001,1,4.145344474098899,2.2416305304957227
2019-02-20T00:00:00.000Z,PEL,R320-Z001,2,0.0,0.4948937176849385
2019-02-21T00:00:00.000Z,PEL,R320-Z001,0,20.636505164352116,18.962244491271118
2019-02-21T00:00:00.000Z,PEL,R320-Z001,1,3.522221770941042,2.2416305304957227
2019-02-21T00:00:00.000Z,PEL,R320-Z001,2,0.5031745387058632,0.4948937176849385
2019-02-22T00:00:00.000Z,PEL,R320-Z001,0,22.665147470873457,18.962244491271118
2019-02-22T00:00:00.000Z,PEL,R320-Z001,1,3.837591481763263,2.2416305304957227
2019-02-22T00:00:00.000Z,PEL,R320-Z001,2,0.0,0.4948937176849385
2019-02-23T00:00:00.000Z,PEL,R320-Z001,0,21.54311740398407,18.962244491271118
2019-02-23T00:00:00.000Z,PEL,R320-Z001,1,2.332046627998352,2.2416305304957227
2019-02-23T00:00:00.000Z,PEL,R320-Z001,2,0.0,0.4948937176849385
2019-02-24T00:00:00.000Z,PEL,R320-Z001,0,22.177885472774506,18.962244491271118
2019-02-24T00:00:00.000Z,PEL,R320-Z001,1,2.397712290287018,2.2416305304957227
2019-02-24T00:00:00.000Z,PEL,R320-Z001,2,0.0,0.4948937176849385
2019-02-25T00:00:00.000Z,PEL,R320-Z001,0,25.464303533236187,18.962244491271118
2019-02-25T00:00:00.000Z,PEL,R320-Z001,1,3.8728249073028564,2.2416305304957227
2019-02-25T00:00:00.000Z,PEL,R320-Z001,2,0.6454708178838093,0.4948937176849385
2019-02-26T00:00:00.000Z,PEL,R320-Z001,0,27.24718563373272,18.962244491271118
2019-02-26T00:00:00.000Z,PEL,R320-Z001,1,4.493870441730206,2.2416305304957227
2019-02-26T00:00:00.000Z,PEL,R320-Z001,2,0.6419814916757437,0.4948937176849385
2019-02-27T00:00:00.000Z,PEL,R320-Z001,0,30.27056884765625,18.962244491271118
2019-02-27T00:00:00.000Z,PEL,R320-Z001,1,3.2573509216308594,2.2416305304957227
2019-02-27T00:00:00.000Z,PEL,R320-Z001,2,0.0,0.4948937176849385
2019-02-28T00:00:00.000Z,PEL,R320-Z001,0,30.18283018954964,18.962244491271118
2019-02-28T00:00:00.000Z,PEL,R320-Z001,1,3.1982389937999636,2.2416305304957227
2019-02-28T00:00:00.000Z,PEL,R320-Z001,2,0.0,0.4948937176849385
2019-03-01T00:00:00.000Z,PEL,R320-Z001,0,26.783505031040736,18.962244491271118
2019-03-01T00:00:00.000Z,PEL,R320-Z001,1,1.6838487897600445,2.2416305304957227
2019-03-01T00:00:00.000Z,PEL,R320-Z001,2,0.0,0.4948937176849385
2019-03-02T00:00:00.000Z,PEL,R320-Z001,0,21.318245814396786,18.962244491271118
2019-03-02T00:00:00.000Z,PEL,R320-Z001,1,0.8927298325758715,2.2416305304957227
2019-03-02T00:00:00.000Z,PEL,R320-Z001,2,0.0,0.4948937176849385
2019-03-03T00:00:00.000Z,PEL,R320-Z001,0,21.2324041219858,18.962244491271118
2019-03-03T00:00:00.000Z,PEL,R320-Z001,1,0.8892961648794322,2.2416305304957227
2019-03-03T00:00:00.000Z,PEL,R320-Z001,2,0.0,0.4948937176849385
2019-03-04T00:00:00.000Z,PEL,R320-Z001,0,25.32134246826172,18.962244491271118
2019-03-04T00:00:00.000Z,PEL,R320-Z001,1,2.845550537109375,2.2416305304957227
2019-03-04T00:00:00.000Z,PEL,R320-Z001,2,0.0,0.4948937176849385
2019-03-05T00:00:00.000Z,PEL,R320-Z001,0,28.65015640258789,18.962244491271118
2019-03-05T00:00:00.000Z,PEL,R320-Z001,1,3.2944618225097653,2.2416305304957227
2019-03-05T00:00:00.000Z,PEL,R320-Z001,2,0.0,0.4948937176849385
2019-03-06T00:00:00.000Z,PEL,R320-Z001,0,30.22517644142618,18.962244491271118
2019-03-06T00:00:00.000Z,PEL,R320-Z001,1,2.7755712392378826,2.2416305304957227
2019-03-06T00:00:00.000Z,PEL,R320-Z001,2,0.0,0.4948937176849385
2019-03-07T00:00:00.000Z,PEL,R320-Z001,0,30.36384476062863,18.962244491271118
2019-03-07T00:00:00.000Z,PEL,R320-Z001,1,2.3522883570471476,2.2416305304957227
2019-03-07T00:00:00.000Z,PEL,R320-Z001,2,0.0,0.4948937176849385
2019-03-08T00:00:00.000Z,PEL,R320-Z001,0,26.430330979196647,18.962244491271118
2019-03-08T00:00:00.000Z,PEL,R320-Z001,1,3.2270977622584294,2.2416305304957227
2019-03-08T00:00:00.000Z,PEL,R320-Z001,2,0.0,0.4948937176849385
2019-03-09T00:00:00.000Z,PEL,R320-Z001,0,25.369959923528857,18.962244491271118
2019-03-09T00:00:00.000Z,PEL,R320-Z001,1,0.8789986641176285,2.2416305304957227
2019-03-09T00:00:00.000Z,PEL,R320-Z001,2,0.0,0.4948937176849385
2019-03-10T00:00:00.000Z,PEL,R320-Z001,0,25.226002477830455,18.962244491271118
2019-03-10T00:00:00.000Z,PEL,R320-Z001,1,0.8742000825943486,2.2416305304957227
2019-03-10T00:00:00.000Z,PEL,R320-Z001,2,0.0,0.4948937176849385
2019-03-11T00:00:00.000Z,PEL,R320-Z001,0,31.895242652114558,18.962244491271118
2019-03-11T00:00:00.000Z,PEL,R320-Z001,1,2.1453419120944277,2.2416305304957227
2019-03-11T00:00:00.000Z,PEL,R320-Z001,2,0.0,0.4948937176849385
2019-03-12T00:00:00.000Z,PEL,R320-Z001,0,34.280864238739014,18.962244491271118
2019-03-12T00:00:00.000Z,PEL,R320-Z001,1,4.320105825151716,2.2416305304957227
2019-03-12T00:00:00.000Z,PEL,R320-Z001,2,0.7200176375252859,0.4948937176849385
2019-03-13T00:00:00.000Z,PEL,R320-Z001,0,34.61871229807536,18.962244491271118
2019-03-13T00:00:00.000Z,PEL,R320-Z001,1,4.032307052612304,2.2416305304957227
2019-03-13T00:00:00.000Z,PEL,R320-Z001,2,0.6720511754353841,0.4948937176849385
2019-03-14T00:00:00.000Z,PEL,R320-Z001,0,31.704425374015436,18.962244491271118
2019-03-14T00:00:00.000Z,PEL,R320-Z001,1,5.130105941022029,2.2416305304957227
2019-03-14T00:00:00.000Z,PEL,R320-Z001,2,1.2825264852555072,0.4948937176849385
2019-03-15T00:00:00.000Z,PEL,R320-Z001,0,28.992017206156028,18.962244491271118
2019-03-15T00:00:00.000Z,PEL,R320-Z001,1,1.7995210323693618,2.2416305304957227
2019-03-15T00:00:00.000Z,PEL,R320-Z001,2,0.0,0.4948937176849385
2019-03-16T00:00:00.000Z,PEL,R320-Z001,0,23.66038767496745,18.962244491271118
2019-03-16T00:00:00.000Z,PEL,R320-Z001,1,0.6489575703938801,2.2416305304957227
2019-03-16T00:00:00.000Z,PEL,R320-Z001,2,0.0,0.4948937176849385
2019-03-17T00:00:00.000Z,PEL,R320-Z001,0,23.07615370220608,18.962244491271118
2019-03-17T00:00:00.000Z,PEL,R320-Z001,1,0.6878901057773166,2.2416305304957227
2019-03-17T00:00:00.000Z,PEL,R320-Z001,2,0.0,0.4948937176849385
2019-03-18T00:00:00.000Z,PEL,R320-Z001,0,33.64863544040256,18.962244491271118
2019-03-18T00:00:00.000Z,PEL,R320-Z001,1,2.038155025906033,2.2416305304957227
2019-03-18T00:00:00.000Z,PEL,R320-Z001,2,0.0,0.4948937176849385
2019-03-19T00:00:00.000Z,PEL,R320-Z001,0,34.99474425235037,18.962244491271118
2019-03-19T00:00:00.000Z,PEL,R320-Z001,1,2.6662773520259533,2.2416305304957227
2019-03-19T00:00:00.000Z,PEL,R320-Z001,2,0.6665693380064883,0.4948937176849385
2019-03-20T00:00:00.000Z,PEL,R320-Z001,0,35.2209793213875,18.962244491271118
2019-03-20T00:00:00.000Z,PEL,R320-Z001,1,2.5418231102728073,2.2416305304957227
2019-03-20T00:00:00.000Z,PEL,R320-Z001,2,0.6354557775682018,0.4948937176849385
2019-03-21T00:00:00.000Z,PEL,R320-Z001,0,34.81945686340332,18.962244491271118
2019-03-21T00:00:00.000Z,PEL,R320-Z001,1,3.3166163762410483,2.2416305304957227
2019-03-21T00:00:00.000Z,PEL,R320-Z001,2,0.6633232752482097,0.4948937176849385
2019-03-22T00:00:00.000Z,PEL,R320-Z001,0,31.112107496995193,18.962244491271118
2019-03-22T00:00:00.000Z,PEL,R320-Z001,1,2.676008958082933,2.2416305304957227
2019-03-22T00:00:00.000Z,PEL,R320-Z001,2,0.0,0.4948937176849385
2019-03-23T00:00:00.000Z,PEL,R320-Z001,0,24.19647525605701,18.962244491271118
2019-03-23T00:00:00.000Z,PEL,R320-Z001,1,2.652260553269159,2.2416305304957227
2019-03-23T00:00:00.000Z,PEL,R320-Z001,2,0.0,0.4948937176849385
2019-03-24T00:00:00.000Z,PEL,R320-Z001,0,23.96394802275158,18.962244491271118
2019-03-24T00:00:00.000Z,PEL,R320-Z001,1,2.627784002394903,2.2416305304957227
2019-03-24T00:00:00.000Z,PEL,R320-Z001,2,0.0,0.4948937176849385
2019-03-25T00:00:00.000Z,PEL,R320-Z001,0,30.337008559912967,18.962244491271118
2019-03-25T00:00:00.000Z,PEL,R320-Z001,1,4.387181198387815,2.2416305304957227
2019-03-25T00:00:00.000Z,PEL,R320-Z001,2,0.0,0.4948937176849385
2019-03-26T00:00:00.000Z,PEL,R320-Z001,0,33.93570976257324,18.962244491271118
2019-03-26T00:00:00.000Z,PEL,R320-Z001,1,3.881745529174805,2.2416305304957227
2019-03-26T00:00:00.000Z,PEL,R320-Z001,2,0.0,0.4948937176849385
2019-03-27T00:00:00.000Z,PEL,R320-Z001,0,34.76758700403674,18.962244491271118
2019-03-27T00:00:00.000Z,PEL,R320-Z001,1,3.3743006607581827,2.2416305304957227
2019-03-27T00:00:00.000Z,PEL,R320-Z001,2,0.0,0.4948937176849385
2019-03-28T00:00:00.000Z,PEL,R320-Z001,0,34.770606676737465,18.962244491271118
2019-03-28T00:00:00.000Z,PEL,R320-Z001,1,3.2518733342488604,2.2416305304957227
2019-03-28T00:00:00.000Z,PEL,R320-Z001,2,0.0,0.4948937176849385
2019-03-29T00:00:00.000Z,PEL,R320-Z001,0,31.9125906961006,18.962244491271118
2019-03-29T00:00:00.000Z,PEL,R320-Z001,1,3.1646721823173656,2.2416305304957227
2019-03-29T00:00:00.000Z,PEL,R320-Z001,2,0.0,0.4948937176849385
2019-03-30T00:00:00.000Z,PEL,R320-Z001,0,28.09788944410241,18.962244491271118
2019-03-30T00:00:00.000Z,PEL,R320-Z001,1,1.3226313383682915,2.2416305304957227
2019-03-30T00:00:00.000Z,PEL,R320-Z001,2,0.0,0.4948937176849385
2019-03-31T00:00:00.000Z,PEL,R320-Z001,0,29.026515494452582,18.962244491271118
2019-03-31T00:00:00.000Z,PEL,R320-Z001,1,1.3965821160210503,2.2416305304957227
2019-03-31T00:00:00.000Z,PEL,R320-Z001,2,0.0,0.4948937176849385
2019-04-01T00:00:00.000Z,PEL,R320-Z001,0,30.960592830882355,18.962244491271118
2019-04-01T00:00:00.000Z,PEL,R320-Z001,1,3.473977481617647,2.2416305304957227
2019-04-01T00:00:00.000Z,PEL,R320-Z001,2,0.0,0.4948937176849385
2019-04-02T00:00:00.000Z,PEL,R320-Z001,0,32.62061903211806,18.962244491271118
2019-04-02T00:00:00.000Z,PEL,R320-Z001,1,3.6022091820126487,2.2416305304957227
2019-04-02T00:00:00.000Z,PEL,R320-Z001,2,0.6003681970021081,0.4948937176849385
2019-04-03T00:00:00.000Z,PEL,R320-Z001,0,36.12984497316422,18.962244491271118
2019-04-03T00:00:00.000Z,PEL,R320-Z001,1,1.887958218974452,2.2416305304957227
2019-04-03T00:00:00.000Z,PEL,R320-Z001,2,0.0,0.4948937176849385
2019-04-04T00:00:00.000Z,PEL,R320-Z001,0,36.00033402442932,18.962244491271118
2019-04-04T00:00:00.000Z,PEL,R320-Z001,1,1.8196885585784912,2.2416305304957227
2019-04-04T00:00:00.000Z,PEL,R320-Z001,2,0.0,0.4948937176849385
2019-04-05T00:00:00.000Z,PEL,R320-Z001,0,31.507201331002374,18.962244491271118
2019-04-05T00:00:00.000Z,PEL,R320-Z001,1,2.5005539485386437,2.2416305304957227
2019-04-05T00:00:00.000Z,PEL,R320-Z001,2,0.0,0.4948937176849385
2019-04-06T00:00:00.000Z,PEL,R320-Z001,0,27.699525621202255,18.962244491271118
2019-04-06T00:00:00.000Z,PEL,R320-Z001,1,0.652261945936415,2.2416305304957227
2019-04-06T00:00:00.000Z,PEL,R320-Z001,2,0.0,0.4948937176849385
2019-04-07T00:00:00.000Z,PEL,R320-Z001,0,28.468257904052738,18.962244491271118
2019-04-07T00:00:00.000Z,PEL,R320-Z001,1,0.0,2.2416305304957227
2019-04-07T00:00:00.000Z,PEL,R320-Z001,2,0.0,0.4948937176849385
2019-04-08T00:00:00.000Z,PEL,R320-Z001,0,32.913520389133026,18.962244491271118
2019-04-08T00:00:00.000Z,PEL,R320-Z001,1,0.6398777431911892,2.2416305304957227
2019-04-08T00:00:00.000Z,PEL,R320-Z001,2,0.0,0.4948937176849385
2019-04-09T00:00:00.000Z,PEL,R320-Z001,0,37.01626479625702,18.962244491271118
2019-04-09T00:00:00.000Z,PEL,R320-Z001,1,0.6034327745437622,2.2416305304957227
2019-04-09T00:00:00.000Z,PEL,R320-Z001,2,0.0,0.4948937176849385
2019-04-10T00:00:00.000Z,PEL,R320-Z001,0,37.39881105983959,18.962244491271118
2019-04-10T00:00:00.000Z,PEL,R320-Z001,1,0.5731165829826804,2.2416305304957227
2019-04-10T00:00:00.000Z,PEL,R320-Z001,2,0.0,0.4948937176849385
2019-04-11T00:00:00.000Z,PEL,R320-Z001,0,35.07777646988157,18.962244491271118
2019-04-11T00:00:00.000Z,PEL,R320-Z001,1,1.8344632103329612,2.2416305304957227
2019-04-11T00:00:00.000Z,PEL,R320-Z001,2,0.6114877367776538,0.4948937176849385
2019-04-12T00:00:00.000Z,PEL,R320-Z001,0,30.30238287789481,18.962244491271118
2019-04-12T00:00:00.000Z,PEL,R320-Z001,1,1.8059067044939314,2.2416305304957227
2019-04-12T00:00:00.000Z,PEL,R320-Z001,2,0.6019689014979771,0.4948937176849385
2019-04-13T00:00:00.000Z,PEL,R320-Z001,0,24.460926310221357,18.962244491271118
2019-04-13T00:00:00.000Z,PEL,R320-Z001,1,1.8186375935872396,2.2416305304957227
2019-04-13T00:00:00.000Z,PEL,R320-Z001,2,0.0,0.4948937176849385
2019-04-14T00:00:00.000Z,PEL,R320-Z001,0,23.96846644083659,18.962244491271118
2019-04-14T00:00:00.000Z,PEL,R320-Z001,1,1.783461888631185,2.2416305304957227
2019-04-14T00:00:00.000Z,PEL,R320-Z001,2,0.0,0.4948937176849385
2019-04-15T00:00:00.000Z,PEL,R320-Z001,0,33.398433897230355,18.962244491271118
2019-04-15T00:00:00.000Z,PEL,R320-Z001,1,2.0234372880723743,2.2416305304957227
2019-04-15T00:00:00.000Z,PEL,R320-Z001,2,0.0,0.4948937176849385
2019-04-16T00:00:00.000Z,PEL,R320-Z001,0,33.97207862138748,18.962244491271118
2019-04-16T00:00:00.000Z,PEL,R320-Z001,1,4.294816672801971,2.2416305304957227
2019-04-16T00:00:00.000Z,PEL,R320-Z001,2,0.0,0.4948937176849385
2019-04-17T00:00:00.000Z,PEL,R320-Z001,0,34.90440022945404,18.962244491271118
2019-04-17T00:00:00.000Z,PEL,R320-Z001,1,3.714248299598694,2.2416305304957227
2019-04-17T00:00:00.000Z,PEL,R320-Z001,2,0.0,0.4948937176849385
2019-04-18T00:00:00.000Z,PEL,R320-Z001,0,35.61453813122165,18.962244491271118
2019-04-18T00:00:00.000Z,PEL,R320-Z001,1,2.5694412723664315,2.2416305304957227
2019-04-18T00:00:00.000Z,PEL,R320-Z001,2,0.6423603180916079,0.4948937176849385
2019-04-19T00:00:00.000Z,PEL,R320-Z001,0,32.281178528407835,18.962244491271118
2019-04-19T00:00:00.000Z,PEL,R320-Z001,1,1.3051442560159934,2.2416305304957227
2019-04-19T00:00:00.000Z,PEL,R320-Z001,2,0.0,0.4948937176849385
2019-04-20T00:00:00.000Z,PEL,R320-Z001,0,27.66609492200486,18.962244491271118
2019-04-20T00:00:00.000Z,PEL,R320-Z001,1,1.2740486632002161,2.2416305304957227
2019-04-20T00:00:00.000Z,PEL,R320-Z001,2,0.0,0.4948937176849385
2019-04-21T00:00:00.000Z,PEL,R320-Z001,0,27.061339195738448,18.962244491271118
2019-04-21T00:00:00.000Z,PEL,R320-Z001,1,1.2471706309217088,2.2416305304957227
2019-04-21T00:00:00.000Z,PEL,R320-Z001,2,0.0,0.4948937176849385
2019-04-22T00:00:00.000Z,PEL,R320-Z001,0,29.485309419177828,18.962244491271118
2019-04-22T00:00:00.000Z,PEL,R320-Z001,1,1.5242654709588912,2.2416305304957227
2019-04-22T00:00:00.000Z,PEL,R320-Z001,2,0.0,0.4948937176849385
2019-04-23T00:00:00.000Z,PEL,R320-Z001,0,35.81801223754883,18.962244491271118
2019-04-23T00:00:00.000Z,PEL,R320-Z001,1,1.1688257853190105,2.2416305304957227
2019-04-23T00:00:00.000Z,PEL,R320-Z001,2,0.5844128926595052,0.4948937176849385
2019-04-24T00:00:00.000Z,PEL,R320-Z001,0,34.79546197255452,18.962244491271118
2019-04-24T00:00:00.000Z,PEL,R320-Z001,1,3.254132906595866,2.2416305304957227
2019-04-24T00:00:00.000Z,PEL,R320-Z001,2,0.0,0.4948937176849385
2019-04-25T00:00:00.000Z,PEL,R320-Z001,0,34.73217565971508,18.962244491271118
2019-04-25T00:00:00.000Z,PEL,R320-Z001,1,2.6967679743181194,2.2416305304957227
2019-04-25T00:00:00.000Z,PEL,R320-Z001,2,0.0,0.4948937176849385
2019-04-26T00:00:00.000Z,PEL,R320-Z001,0,31.737546418842513,18.962244491271118
2019-04-26T00:00:00.000Z,PEL,R320-Z001,1,3.14784100181178,2.2416305304957227
2019-04-26T00:00:00.000Z,PEL,R320-Z001,2,0.0,0.4948937176849385
2019-04-27T00:00:00.000Z,PEL,R320-Z001,0,28.251925404866537,18.962244491271118
2019-04-27T00:00:00.000Z,PEL,R320-Z001,1,2.0894232432047524,2.2416305304957227
2019-04-27T00:00:00.000Z,PEL,R320-Z001,2,0.0,0.4948937176849385
2019-04-28T00:00:00.000Z,PEL,R320-Z001,0,27.683495261452414,18.962244491271118
2019-04-28T00:00:00.000Z,PEL,R320-Z001,1,2.098792336203835,2.2416305304957227
2019-04-28T00:00:00.000Z,PEL,R320-Z001,2,0.0,0.4948937176849385
2019-04-29T00:00:00.000Z,PEL,R320-Z001,0,29.56770896911621,18.962244491271118
2019-04-29T00:00:00.000Z,PEL,R320-Z001,1,2.3513622283935547,2.2416305304957227
2019-04-29T00:00:00.000Z,PEL,R320-Z001,2,0.0,0.4948937176849385
2019-04-30T00:00:00.000Z,PEL,R320-Z001,0,30.444066481156785,18.962244491271118
2019-04-30T00:00:00.000Z,PEL,R320-Z001,1,4.031290574507279,2.2416305304957227
2019-04-30T00:00:00.000Z,PEL,R320-Z001,2,0.0,0.4948937176849385
2019-05-01T00:00:00.000Z,PEL,R320-Z001,0,27.295192184448243,18.962244491271118
2019-05-01T00:00:00.000Z,PEL,R320-Z001,1,4.606194076538086,2.2416305304957227
2019-05-01T00:00:00.000Z,PEL,R320-Z001,2,0.0,0.4948937176849385
2019-05-02T00:00:00.000Z,PEL,R320-Z001,0,30.15126073585366,18.962244491271118
2019-05-02T00:00:00.000Z,PEL,R320-Z001,1,3.976756689683446,2.2416305304957227
2019-05-02T00:00:00.000Z,PEL,R320-Z001,2,0.0,0.4948937176849385
2019-05-03T00:00:00.000Z,PEL,R320-Z001,0,31.026199340820312,18.962244491271118
2019-05-03T00:00:00.000Z,PEL,R320-Z001,1,2.6688499450683594,2.2416305304957227
2019-05-03T00:00:00.000Z,PEL,R320-Z001,2,0.0,0.4948937176849385
2019-05-04T00:00:00.000Z,PEL,R320-Z001,0,26.71449890136719,18.962244491271118
2019-05-04T00:00:00.000Z,PEL,R320-Z001,1,1.4586578369140626,2.2416305304957227
2019-05-04T00:00:00.000Z,PEL,R320-Z001,2,0.0,0.4948937176849385
2019-05-05T00:00:00.000Z,PEL,R320-Z001,0,26.526639034873558,18.962244491271118
2019-05-05T00:00:00.000Z,PEL,R320-Z001,1,1.5292577241596421,2.2416305304957227
2019-05-05T00:00:00.000Z,PEL,R320-Z001,2,0.0,0.4948937176849385
2019-05-06T00:00:00.000Z,PEL,R320-Z001,0,31.10934565617488,18.962244491271118
2019-05-06T00:00:00.000Z,PEL,R320-Z001,1,1.7356403057391827,2.2416305304957227
2019-05-06T00:00:00.000Z,PEL,R320-Z001,2,0.0,0.4948937176849385
2019-05-07T00:00:00.000Z,PEL,R320-Z001,0,33.60915207281345,18.962244491271118
2019-05-07T00:00:00.000Z,PEL,R320-Z001,1,2.732301479432641,2.2416305304957227
2019-05-07T00:00:00.000Z,PEL,R320-Z001,2,0.0,0.4948937176849385
2019-05-08T00:00:00.000Z,PEL,R320-Z001,0,29.287065340125043,18.962244491271118
2019-05-08T00:00:00.000Z,PEL,R320-Z001,1,3.6935445536737856,2.2416305304957227
2019-05-08T00:00:00.000Z,PEL,R320-Z001,2,0.0,0.4948937176849385
2019-05-09T00:00:00.000Z,PEL,R320-Z001,0,31.61242606423118,18.962244491271118
2019-05-09T00:00:00.000Z,PEL,R320-Z001,1,3.261242606423118,2.2416305304957227
2019-05-09T00:00:00.000Z,PEL,R320-Z001,2,0.0,0.4948937176849385
2019-05-10T00:00:00.000Z,PEL,R320-Z001,0,31.716370833547494,18.962244491271118
2019-05-10T00:00:00.000Z,PEL,R320-Z001,1,1.817576157419305,2.2416305304957227
2019-05-10T00:00:00.000Z,PEL,R320-Z001,2,0.0,0.4948937176849385
2019-05-11T00:00:00.000Z,PEL,R320-Z001,0,26.484999712775736,18.962244491271118
2019-05-11T00:00:00.000Z,PEL,R320-Z001,1,1.7178124820484835,2.2416305304957227
2019-05-11T00:00:00.000Z,PEL,R320-Z001,2,0.0,0.4948937176849385
2019-05-12T00:00:00.000Z,PEL,R320-Z001,0,25.0064302332261,18.962244491271118
2019-05-12T00:00:00.000Z,PEL,R320-Z001,1,1.6254018895766313,2.2416305304957227
2019-05-12T00:00:00.000Z,PEL,R320-Z001,2,0.0,0.4948937176849385
2019-05-13T00:00:00.000Z,PEL,R320-Z001,0,33.07244386064245,18.962244491271118
2019-05-13T00:00:00.000Z,PEL,R320-Z001,1,2.323121172316531,2.2416305304957227
2019-05-13T00:00:00.000Z,PEL,R320-Z001,2,0.0,0.4948937176849385
2019-05-14T00:00:00.000Z,PEL,R320-Z001,0,34.45087326049804,18.962244491271118
2019-05-14T00:00:00.000Z,PEL,R320-Z001,1,2.312013473510742,2.2416305304957227
2019-05-14T00:00:00.000Z,PEL,R320-Z001,2,0.7706711578369141,0.4948937176849385
2019-05-15T00:00:00.000Z,PEL,R320-Z001,0,35.10428105568399,18.962244491271118
2019-05-15T00:00:00.000Z,PEL,R320-Z001,1,2.354627025370695,2.2416305304957227
2019-05-15T00:00:00.000Z,PEL,R320-Z001,2,0.0,0.4948937176849385
2019-05-16T00:00:00.000Z,PEL,R320-Z001,0,33.621533663767686,18.962244491271118
2019-05-16T00:00:00.000Z,PEL,R320-Z001,1,3.6064097566424675,2.2416305304957227
2019-05-16T00:00:00.000Z,PEL,R320-Z001,2,0.0,0.4948937176849385
2019-05-17T00:00:00.000Z,PEL,R320-Z001,0,30.300438089573635,18.962244491271118
2019-05-17T00:00:00.000Z,PEL,R320-Z001,1,2.134120778834566,2.2416305304957227
2019-05-17T00:00:00.000Z,PEL,R320-Z001,2,0.0,0.4948937176849385
2019-05-18T00:00:00.000Z,PEL,R320-Z001,0,26.179928960026924,18.962244491271118
2019-05-18T00:00:00.000Z,PEL,R320-Z001,1,0.7549980266674146,2.2416305304957227
2019-05-18T00:00:00.000Z,PEL,R320-Z001,2,0.0,0.4948937176849385
2019-05-19T00:00:00.000Z,PEL,R320-Z001,0,25.880951987372505,18.962244491271118
2019-05-19T00:00:00.000Z,PEL,R320-Z001,1,0.7680271996392144,2.2416305304957227
2019-05-19T00:00:00.000Z,PEL,R320-Z001,2,0.0,0.4948937176849385
2019-05-20T00:00:00.000Z,PEL,R320-Z001,0,34.52651742788461,18.962244491271118
2019-05-20T00:00:00.000Z,PEL,R320-Z001,1,0.9349083533653846,2.2416305304957227
2019-05-20T00:00:00.000Z,PEL,R320-Z001,2,0.0,0.4948937176849385
2019-05-21T00:00:00.000Z,PEL,R320-Z001,0,34.58580281783123,18.962244491271118
2019-05-21T00:00:00.000Z,PEL,R320-Z001,1,3.1631824726961093,2.2416305304957227
2019-05-21T00:00:00.000Z,PEL,R320-Z001,2,0.0,0.4948937176849385
2019-05-22T00:00:00.000Z,PEL,R320-Z001,0,35.4336848449707,18.962244491271118
2019-05-22T00:00:00.000Z,PEL,R320-Z001,1,2.3255543518066406,2.2416305304957227
2019-05-22T00:00:00.000Z,PEL,R320-Z001,2,0.0,0.4948937176849385
2019-05-23T00:00:00.000Z,PEL,R320-Z001,0,35.100545221445515,18.962244491271118
2019-05-23T00:00:00.000Z,PEL,R320-Z001,1,2.4067030147630337,2.2416305304957227
2019-05-23T00:00:00.000Z,PEL,R320-Z001,2,0.8022343382543446,0.4948937176849385
2019-05-24T00:00:00.000Z,PEL,R320-Z001,0,30.376700337727865,18.962244491271118
2019-05-24T00:00:00.000Z,PEL,R320-Z001,1,2.2411928812662762,2.2416305304957227
2019-05-24T00:00:00.000Z,PEL,R320-Z001,2,0.0,0.4948937176849385
2019-05-25T00:00:00.000Z,PEL,R320-Z001,0,25.998427486419676,18.962244491271118
2019-05-25T00:00:00.000Z,PEL,R320-Z001,1,1.420969867706299,2.2416305304957227
2019-05-25T00:00:00.000Z,PEL,R320-Z001,2,0.0,0.4948937176849385
2019-05-26T00:00:00.000Z,PEL,R320-Z001,0,26.73681210248898,18.962244491271118
2019-05-26T00:00:00.000Z,PEL,R320-Z001,1,1.49928714067508,2.2416305304957227
2019-05-26T00:00:00.000Z,PEL,R320-Z001,2,0.0,0.4948937176849385
2019-05-27T00:00:00.000Z,PEL,R320-Z001,0,31.660927830910197,18.962244491271118
2019-05-27T00:00:00.000Z,PEL,R320-Z001,1,1.3898267162089444,2.2416305304957227
2019-05-27T00:00:00.000Z,PEL,R320-Z001,2,0.0,0.4948937176849385
2019-05-28T00:00:00.000Z,PEL,R320-Z001,0,34.99460172653198,18.962244491271118
2019-05-28T00:00:00.000Z,PEL,R320-Z001,1,1.3582868576049805,2.2416305304957227
2019-05-28T00:00:00.000Z,PEL,R320-Z001,2,0.6791434288024902,0.4948937176849385
2019-05-29T00:00:00.000Z,PEL,R320-Z001,0,34.591423988342285,18.962244491271118
2019-05-29T00:00:00.000Z,PEL,R320-Z001,1,1.8732328414916992,2.2416305304957227
2019-05-29T00:00:00.000Z,PEL,R320-Z001,2,0.0,0.4948937176849385
2019-05-30T00:00:00.000Z,PEL,R320-Z001,0,30.121204844692294,18.962244491271118
2019-05-30T00:00:00.000Z,PEL,R320-Z001,1,2.992423542758875,2.2416305304957227
2019-05-30T00:00:00.000Z,PEL,R320-Z001,2,0.0,0.4948937176849385
2019-05-31T00:00:00.000Z,PEL,R320-Z001,0,32.67083973787269,18.962244491271118
2019-05-31T00:00:00.000Z,PEL,R320-Z001,1,2.1959243307308274,2.2416305304957227
2019-05-31T00:00:00.000Z,PEL,R320-Z001,2,0.0,0.4948937176849385
2019-06-01T00:00:00.000Z,PEL,R320-Z001,0,26.73046248299735,18.962244491271118
2019-06-01T00:00:00.000Z,PEL,R320-Z001,1,2.1331124986921037,2.2416305304957227
2019-06-01T00:00:00.000Z,PEL,R320-Z001,2,0.0,0.4948937176849385
2019-06-02T00:00:00.000Z,PEL,R320-Z001,0,26.628618376595636,18.962244491271118
2019-06-02T00:00:00.000Z,PEL,R320-Z001,1,2.1252783366612022,2.2416305304957227
2019-06-02T00:00:00.000Z,PEL,R320-Z001,2,0.0,0.4948937176849385
2019-06-03T00:00:00.000Z,PEL,R320-Z001,0,30.95614211413325,18.962244491271118
2019-06-03T00:00:00.000Z,PEL,R320-Z001,1,2.8405459657007333,2.2416305304957227
2019-06-03T00:00:00.000Z,PEL,R320-Z001,2,0.0,0.4948937176849385
2019-06-04T00:00:00.000Z,PEL,R320-Z001,0,33.0755500793457,18.962244491271118
2019-06-04T00:00:00.000Z,PEL,R320-Z001,1,3.340740203857422,2.2416305304957227
2019-06-04T00:00:00.000Z,PEL,R320-Z001,2,0.6681480407714844,0.4948937176849385
2019-06-05T00:00:00.000Z,PEL,R320-Z001,0,31.491512722439232,18.962244491271118
2019-06-05T00:00:00.000Z,PEL,R320-Z001,1,4.061439090304904,2.2416305304957227
2019-06-05T00:00:00.000Z,PEL,R320-Z001,2,0.0,0.4948937176849385
2019-06-06T00:00:00.000Z,PEL,R320-Z001,0,30.9351916555631,18.962244491271118
2019-06-06T00:00:00.000Z,PEL,R320-Z001,1,5.009441828323623,2.2416305304957227
2019-06-06T00:00:00.000Z,PEL,R320-Z001,2,0.0,0.4948937176849385
2019-06-07T00:00:00.000Z,PEL,R320-Z001,0,30.152362823486325,18.962244491271118
2019-06-07T00:00:00.000Z,PEL,R320-Z001,1,4.153648376464844,2.2416305304957227
2019-06-07T00:00:00.000Z,PEL,R320-Z001,2,0.0,0.4948937176849385
2019-06-08T00:00:00.000Z,PEL,R320-Z001,0,26.090943313226468,18.962244491271118
2019-06-08T00:00:00.000Z,PEL,R320-Z001,1,2.138758682623142,2.2416305304957227
2019-06-08T00:00:00.000Z,PEL,R320-Z001,2,0.0,0.4948937176849385
2019-06-09T00:00:00.000Z,PEL,R320-Z001,0,25.290588564989044,18.962244491271118
2019-06-09T00:00:00.000Z,PEL,R320-Z001,1,2.0755727814465033,2.2416305304957227
2019-06-09T00:00:00.000Z,PEL,R320-Z001,2,0.0,0.4948937176849385
2019-06-10T00:00:00.000Z,PEL,R320-Z001,0,30.71560525894165,18.962244491271118
2019-06-10T00:00:00.000Z,PEL,R320-Z001,1,2.1143736839294434,2.2416305304957227
2019-06-10T00:00:00.000Z,PEL,R320-Z001,2,0.0,0.4948937176849385
2019-06-11T00:00:00.000Z,PEL,R320-Z001,0,33.82724094390869,18.962244491271118
2019-06-11T00:00:00.000Z,PEL,R320-Z001,1,3.414435386657715,2.2416305304957227
2019-06-11T00:00:00.000Z,PEL,R320-Z001,2,0.0,0.4948937176849385
2019-06-12T00:00:00.000Z,PEL,R320-Z001,0,34.829448097630554,18.962244491271118
2019-06-12T00:00:00.000Z,PEL,R320-Z001,1,1.9905248943128084,2.2416305304957227
2019-06-12T00:00:00.000Z,PEL,R320-Z001,2,0.0,0.4948937176849385
2019-06-13T00:00:00.000Z,PEL,R320-Z001,0,33.52351727402001,18.962244491271118
2019-06-13T00:00:00.000Z,PEL,R320-Z001,1,3.31956896865577,2.2416305304957227
2019-06-13T00:00:00.000Z,PEL,R320-Z001,2,0.0,0.4948937176849385
2019-06-14T00:00:00.000Z,PEL,R320-Z001,0,28.737309437877727,18.962244491271118
2019-06-14T00:00:00.000Z,PEL,R320-Z001,1,3.7962522686652416,2.2416305304957227
2019-06-14T00:00:00.000Z,PEL,R320-Z001,2,0.0,0.4948937176849385
2019-06-15T00:00:00.000Z,PEL,R320-Z001,0,25.249921426540467,18.962244491271118
2019-06-15T00:00:00.000Z,PEL,R320-Z001,1,1.3461498167456651,2.2416305304957227
2019-06-15T00:00:00.000Z,PEL,R320-Z001,2,0.0,0.4948937176849385
2019-06-16T00:00:00.000Z,PEL,R320-Z001,0,25.088186822286467,18.962244491271118
2019-06-16T00:00:00.000Z,PEL,R320-Z001,1,1.3378557344762292,2.2416305304957227
2019-06-16T00:00:00.000Z,PEL,R320-Z001,2,0.0,0.4948937176849385
2019-06-17T00:00:00.000Z,PEL,R320-Z001,0,32.05931972635203,18.962244491271118
2019-06-17T00:00:00.000Z,PEL,R320-Z001,1,3.1188037477690598,2.2416305304957227
2019-06-17T00:00:00.000Z,PEL,R320-Z001,2,0.0,0.4948937176849385
2019-06-18T00:00:00.000Z,PEL,R320-Z001,0,33.662516667292664,18.962244491271118
2019-06-18T00:00:00.000Z,PEL,R320-Z001,1,2.8885430556077223,2.2416305304957227
2019-06-18T00:00:00.000Z,PEL,R320-Z001,2,0.0,0.4948937176849385
2019-06-19T00:00:00.000Z,PEL,R320-Z001,0,32.63976535462497,18.962244491271118
2019-06-19T00:00:00.000Z,PEL,R320-Z001,1,2.5388502154433934,2.2416305304957227
2019-06-19T00:00:00.000Z,PEL,R320-Z001,2,0.0,0.4948937176849385
2019-06-20T00:00:00.000Z,PEL,R320-Z001,0,32.21865417217386,18.962244491271118
2019-06-20T00:00:00.000Z,PEL,R320-Z001,1,2.507068239409348,2.2416305304957227
2019-06-20T00:00:00.000Z,PEL,R320-Z001,2,0.626767059852337,0.4948937176849385
2019-06-21T00:00:00.000Z,PEL,R320-Z001,0,30.260675858478155,18.962244491271118
2019-06-21T00:00:00.000Z,PEL,R320-Z001,1,2.0387397299007493,2.2416305304957227
2019-06-21T00:00:00.000Z,PEL,R320-Z001,2,0.0,0.4948937176849385
2019-06-22T00:00:00.000Z,PEL,R320-Z001,0,24.743060956682477,18.962244491271118
2019-06-22T00:00:00.000Z,PEL,R320-Z001,1,0.7571488516671316,2.2416305304957227
2019-06-22T00:00:00.000Z,PEL,R320-Z001,2,0.0,0.4948937176849385
2019-06-23T00:00:00.000Z,PEL,R320-Z001,0,23.534191131591797,18.962244491271118
2019-06-23T00:00:00.000Z,PEL,R320-Z001,1,0.7215938568115234,2.2416305304957227
2019-06-23T00:00:00.000Z,PEL,R320-Z001,2,0.0,0.4948937176849385
2019-06-24T00:00:00.000Z,PEL,R320-Z001,0,32.2902361895587,18.962244491271118
2019-06-24T00:00:00.000Z,PEL,R320-Z001,1,1.9022992108319259,2.2416305304957227
2019-06-24T00:00:00.000Z,PEL,R320-Z001,2,0.0,0.4948937176849385
2019-06-25T00:00:00.000Z,PEL,R320-Z001,0,31.295883655548096,18.962244491271118
2019-06-25T00:00:00.000Z,PEL,R320-Z001,1,3.1662631034851074,2.2416305304957227
2019-06-25T00:00:00.000Z,PEL,R320-Z001,2,0.0,0.4948937176849385
2019-06-26T00:00:00.000Z,PEL,R320-Z001,0,29.688658560475993,18.962244491271118
2019-06-26T00:00:00.000Z,PEL,R320-Z001,1,4.5464679348853325,2.2416305304957227
2019-06-26T00:00:00.000Z,PEL,R320-Z001,2,0.0,0.4948937176849385
2019-06-27T00:00:00.000Z,PEL,R320-Z001,,0.0,0.29
